customer_id,age,tenure_months,monthly_spend,engagement_score,support_tickets,avg_order_value,visits_per_month,discount_rate,churn,value_segment,city,state,city_tier,region,acquisition_channel,preferred_discount_type
5000,11.0,48.54058920219578,391.30993147190935,0.6200315427116705,1,480.19899559101964,5.860094628135012,0.3714267974072272,1,high-value,Chandigarh,Chandigarh,Tier-2,North,Marketplace,No Discount
5001,40.0,15.588757901687222,354.81888958605333,0.7867867120225087,1,239.27693124303607,6.360360136067526,0.14470081270158086,1,mid-value,Lucknow,Uttar Pradesh,Tier-2,North,Marketplace,Festival
5002,15.0,33.796766887669904,544.409634958577,0.05730295454052614,0,1851.1550602323148,6.171908863621578,0.06199645437265707,1,high-value,Bengaluru,Karnataka,Tier-1,South,Affiliate,Festival
5003,38.0,18.54730558652122,467.0593947287905,0.8502836851553842,1,181.47417490208213,7.550851055466152,0.23334805177334195,1,low-value,Jaipur,Rajasthan,Tier-2,North,Referral,BOGO
5004,31.0,20.457337393538644,489.7720091481332,0.8607676949546045,1,203.7267826354952,7.582303084863813,0.41437498307629056,0,mid-value,Delhi,Delhi,Tier-1,North,Organic,No Discount
5005,35.0,55.98471778456978,280.3119991612105,0.3422690742880228,1,351.99489489738437,7.026807222864068,0.003816389035078971,1,mid-value,Bhopal,Madhya Pradesh,Tier-3,Central,Paid,No Discount
5006,24.0,41.231858398957336,223.2105827902289,0.6590040659703221,1,522.5026984355133,9.977012197910966,0.025264593304386514,0,high-value,Kochi,Kerala,Tier-2,South,Marketplace,BOGO
5007,41.0,58.500834381815245,294.84167851209475,0.40261303170344953,2,292.95983530686306,9.207839095110348,0.18767021966328257,1,mid-value,Vizag,Andhra Pradesh,Tier-3,South,Organic,No Discount
5008,19.0,25.597839666405925,286.8767921479117,0.1541908821896315,1,146.78657823219882,6.462572646568894,0.30418465803977857,0,low-value,Bhopal,Madhya Pradesh,Tier-3,Central,Organic,Clearance
5009,46.0,32.70881682788462,497.92989029793716,0.5286624185631104,1,369.3687412198103,11.58598725568933,0.2142452064451726,0,mid-value,Hyderabad,Telangana,Tier-1,South,Referral,BOGO
5010,29.0,29.73980977506888,526.3976075441078,0.08635967450159665,0,355.317048257878,5.25907902350479,0.4038967973094321,1,mid-value,Kochi,Kerala,Tier-2,South,Paid,Clearance
5011,19.0,7.329936393899888,356.73045657013995,0.8784721553959879,1,44.859089234427046,7.635416466187964,0.019838049991865166,1,low-value,Delhi,Delhi,Tier-1,North,Marketplace,No Discount
5012,49.0,14.965417677069597,594.6378528236529,0.9242897594096086,0,149.40716116702208,7.772869278228826,0.1530633913396846,0,low-value,Vizag,Andhra Pradesh,Tier-3,South,Organic,BOGO
5013,33.0,32.130545275664446,585.2704090647694,0.8216131370114036,0,466.9974893811929,8.46483941103421,0.15810655022492434,1,mid-value,Nagpur,Maharashtra,Tier-3,West,Organic,No Discount
5014,53.0,4.975084002847368,416.50983746008086,0.5625281207559786,0,68.69612489678372,9.687584362267936,0.15305725169385379,0,low-value,Kochi,Kerala,Tier-2,South,Organic,Festival
5015,46.0,55.956253829224465,256.716234268544,0.557598591125455,0,534.4215031853927,4.6727957733763645,0.21945866045552578,1,high-value,Vizag,Andhra Pradesh,Tier-3,South,Referral,No Discount
5016,26.0,8.306777234658878,616.306497415331,0.9846073766009298,1,96.17507030556153,10.95382212980279,0.3557596703375747,1,low-value,Coimbatore,Tamil Nadu,Tier-3,South,Marketplace,Clearance
5017,33.0,12.68086403859752,370.8473973457388,0.24790168983118288,1,107.68640579226658,5.743705069493549,0.14304717738126782,1,low-value,Coimbatore,Tamil Nadu,Tier-3,South,Paid,BOGO
5018,35.0,46.15395221237956,398.9247794646462,0.07594836590520748,0,1774.0997380925276,1.2278450977156226,0.33501744298449115,0,high-value,Delhi,Delhi,Tier-1,North,Paid,BOGO
5019,49.0,6.719137965569509,329.0592461590147,0.5619409236011778,1,156.4010918677311,6.685822770803533,0.06590946207558213,1,low-value,Mumbai,Maharashtra,Tier-1,West,Organic,No Discount
5020,38.0,54.11640787730916,246.53145105542038,0.3287855978101033,2,229.10424045461716,7.98635679343031,0.2523261850352776,0,mid-value,Vizag,Andhra Pradesh,Tier-3,South,Referral,Festival
5021,35.0,43.8163572726296,159.7040854527062,0.32233877280804424,1,121.8938854203087,5.9670163184241325,0.16878961154949532,0,low-value,Hyderabad,Telangana,Tier-1,South,Affiliate,No Discount
5022,32.0,5.048630569422675,474.9302485335932,0.007085354169948044,3,38.6582758436578,10.021256062509844,0.24264486103300678,1,low-value,Jaipur,Rajasthan,Tier-2,North,Marketplace,Festival
5023,33.0,41.81897661585352,262.48984191550693,0.596239409547933,0,358.299039367784,8.788718228643798,0.04848738766751225,1,mid-value,Mumbai,Maharashtra,Tier-1,West,Organic,Festival
5024,47.0,38.26608398810775,838.9296843495235,0.26403370227561407,0,621.6236665574784,10.792101106826841,0.42905828104240884,1,high-value,Chandigarh,Chandigarh,Tier-2,North,Referral,BOGO
5025,34.0,45.6836165316552,217.08896260812816,0.187858548192681,0,182.8457005673448,6.563575644578043,0.40779635256080005,1,low-value,Coimbatore,Tamil Nadu,Tier-3,South,Organic,BOGO
5026,30.0,49.863673296870815,191.3926287527945,0.04043193139300372,1,,9.12129579417901,0.37187833693078304,0,mid-value,Coimbatore,Tamil Nadu,Tier-3,South,Organic,Loyalty
5027,28.0,43.38268322721615,456.52080734201616,0.3643615764756113,0,1385.409433794559,5.093084729426834,0.4017522705246233,1,high-value,Lucknow,Uttar Pradesh,Tier-2,North,Organic,Festival
5028,28.0,35.58440142098734,609.3970218450943,0.8789688723864574,0,342.0015857521221,8.636906617159372,0.06600954158166875,1,mid-value,Chandigarh,Chandigarh,Tier-2,North,Organic,No Discount
5029,19.0,20.02533579632488,389.68844854148324,0.33667080759737233,1,1024.4805630926019,6.0100124227921174,0.22667479785884967,0,high-value,Indore,Madhya Pradesh,Tier-2,Central,Organic,No Discount
5030,26.0,42.139146047965816,465.83636302809117,0.6790742101195937,1,485.72600730331067,8.03722263035878,0.14305912144043553,0,high-value,Jaipur,Rajasthan,Tier-2,North,Marketplace,Loyalty
5031,48.0,57.461323493215986,103.46788738119355,0.7565469634019073,1,137.23673434851017,11.269640890205721,0.3993236735868714,1,low-value,Lucknow,Uttar Pradesh,Tier-2,North,Organic,Loyalty
5032,31.0,35.66378505120358,278.373268146235,0.32810080919019957,1,,7.984302427570599,0.08524695712475991,1,mid-value,Vizag,Andhra Pradesh,Tier-3,South,Marketplace,Festival
5033,41.0,40.19634723762098,218.95764062936496,0.8216407350120413,0,428.0327372996632,6.464922205036124,0.09897540981388755,1,mid-value,Hyderabad,Telangana,Tier-1,South,Affiliate,Loyalty
5034,9.0,26.790554489788242,95.74312250781784,0.6918796596669491,0,53.767458769149336,7.075638979000847,0.30902150535975487,0,low-value,Indore,Madhya Pradesh,Tier-2,Central,Paid,Clearance
5035,39.0,45.611127774841385,397.547035103583,0.5592422287009515,0,987.285304936379,7.677726686102854,0.04000484658945068,1,high-value,Chandigarh,Chandigarh,Tier-2,North,Paid,No Discount
5036,32.0,59.86237614797952,43.57585675843498,0.0009924640506289162,0,47.98860055993207,3.0029773921518865,0.3295652296124879,1,low-value,Lucknow,Uttar Pradesh,Tier-2,North,Marketplace,Festival
5037,29.0,10.46297011999643,181.6706050868827,0.03509076592280813,1,101.14939258448145,3.1052722977684244,0.12065727974135507,1,low-value,Mumbai,Maharashtra,Tier-1,West,Organic,Festival
5038,35.0,12.941911490721976,299.4209308979873,0.9908658441060634,0,84.04811626318325,12.97259753231819,0.29742091437021634,0,low-value,Ahmedabad,Gujarat,Tier-2,West,Paid,BOGO
5039,29.0,32.82682776119898,255.30712460733855,0.7822839235035594,1,163.78185205858682,4.346851770510678,0.3928670038622972,0,low-value,Chandigarh,Chandigarh,Tier-2,North,Paid,No Discount
5040,12.0,29.401148438437836,439.46127533106016,0.937565258772947,0,773.793283769614,4.812695776318841,0.27432511795574577,1,high-value,Kochi,Kerala,Tier-2,South,Marketplace,No Discount
5041,43.0,34.72261728589641,425.837028785372,0.9023032049180275,0,757.1289952700565,13.706909614754082,0.09570767997874906,0,high-value,Nagpur,Maharashtra,Tier-3,West,Marketplace,BOGO
5042,36.0,3.8953688157321094,514.0698118903185,0.020442983142750837,0,38.63774602410341,12.061328949428253,0.022124486492647474,0,low-value,Vizag,Andhra Pradesh,Tier-3,South,Marketplace,Festival
5043,30.0,24.85231092349649,492.8575599069017,0.7918472897910739,0,1135.8342246101329,7.3755418693732215,0.02007628726277964,1,high-value,Kochi,Kerala,Tier-2,South,Referral,Festival
5044,24.0,35.39571746186809,551.1219184042071,0.4511457440111546,4,1151.6447565689966,10.353437232033464,0.039965346906303566,0,high-value,Lucknow,Uttar Pradesh,Tier-2,North,Paid,Loyalty
5045,19.0,35.5262897269928,379.71223999864185,0.7895582040006557,0,419.4507202404724,13.368674612001968,0.2609180606113722,1,mid-value,Ahmedabad,Gujarat,Tier-2,West,Marketplace,Loyalty
5046,36.0,39.78270374433404,425.5200351225005,0.006715784163385141,0,,7.020147352490156,0.15669803431829304,0,mid-value,Pune,Maharashtra,Tier-2,West,Marketplace,Clearance
5047,50.0,43.49274571115716,456.72705528787867,0.28819930120056425,0,514.3717576538265,5.864597903601693,0.10939813982815418,1,high-value,Coimbatore,Tamil Nadu,Tier-3,South,Paid,Loyalty
5048,36.0,38.85128499711054,401.24850460865383,0.7513237757913022,0,552.0518203263401,9.253971327373907,0.09868795100873605,1,high-value,Indore,Madhya Pradesh,Tier-2,Central,Affiliate,Loyalty
5049,20.0,47.62434616797667,320.4208535124389,0.7930207886015898,0,244.8769728093849,6.379062365804769,0.42686168935639457,1,mid-value,Kochi,Kerala,Tier-2,South,Marketplace,Clearance
5050,36.0,37.86087744639091,330.13361984903446,0.619714601214624,1,381.95236146339965,10.859143803643871,0.05346745915143348,1,mid-value,Delhi,Delhi,Tier-1,North,Paid,Loyalty
5051,33.0,32.712952089695065,257.3662402505052,0.30125618944626376,0,269.99767877775514,1.9037685683387913,0.13716648484769461,0,mid-value,Delhi,Delhi,Tier-1,North,Organic,No Discount
5052,42.0,36.76558930438084,443.24252448647445,0.3103625912878629,1,545.5431844542035,9.931087773863588,0.21216476790863692,1,high-value,Hyderabad,Telangana,Tier-1,South,Organic,No Discount
5053,40.0,6.970408638446608,365.8977238872267,0.9667639636420327,1,106.78115635687949,10.900291890926098,0.00020228673341493586,1,low-value,Bengaluru,Karnataka,Tier-1,South,Marketplace,Loyalty
5054,4.0,17.11623590280568,280.52393740448525,0.4392121792342045,1,193.0965893223592,4.317636537702613,0.414428934364076,1,low-value,Chandigarh,Chandigarh,Tier-2,North,Organic,No Discount
5055,39.0,32.116587058829744,280.6632771013111,0.44712555024383704,1,196.32026429977512,5.341376650731512,0.044594365842046735,0,low-value,Chandigarh,Chandigarh,Tier-2,North,Paid,BOGO
5056,23.0,52.50624570870072,198.44019083258172,0.5523327502406995,0,1275.6251270030257,6.656998250722099,0.3071117703087776,0,high-value,Lucknow,Uttar Pradesh,Tier-2,North,Referral,Clearance
5057,19.0,41.06404182099159,526.82620118558,0.40950233686438875,1,475.08826656115383,7.228507010593166,0.28298946472311975,1,mid-value,Ahmedabad,Gujarat,Tier-2,West,Marketplace,BOGO
5058,32.0,6.334076629841957,391.7926504297681,0.5526715645974142,0,141.12544385628618,4.658014693792243,0.36407873479713176,1,low-value,Lucknow,Uttar Pradesh,Tier-2,North,Marketplace,BOGO
5059,38.0,35.94422207621986,250.5799970640095,0.4323354227675579,1,319.2662267433541,8.297006268302674,0.29312447875296865,1,mid-value,Delhi,Delhi,Tier-1,North,Marketplace,No Discount
5060,17.0,14.082541270588838,501.2821624403027,0.8267149196021867,1,493.39392069597073,10.48014475880656,0.34622433774719075,0,high-value,Indore,Madhya Pradesh,Tier-2,Central,Paid,Festival
5061,41.0,44.30697702753465,295.93267853084404,0.909051019798284,0,348.16178744668474,7.727153059394852,0.1895618739548374,0,mid-value,Bengaluru,Karnataka,Tier-1,South,Organic,BOGO
5062,41.0,49.81901029801609,169.0249059481651,0.9321102598153617,1,176.1866403662745,5.796330779446085,0.21991702254823045,0,mid-value,Delhi,Delhi,Tier-1,North,Referral,Loyalty
5063,34.0,36.013920082808426,533.1833433828699,0.5642962058293866,1,726.6140154301294,7.69288861748816,0.31574794597398875,0,high-value,Bengaluru,Karnataka,Tier-1,South,Organic,Loyalty
5064,25.0,35.890393975350875,299.43545156508304,0.44214855746449533,0,700.3939558685499,8.326445672393486,0.255792024474773,1,high-value,Delhi,Delhi,Tier-1,North,Paid,Loyalty
5065,24.0,20.97689514943803,318.66513646868157,0.7052400587918379,0,352.37645066734746,12.115720176375515,0.23019234762002397,0,mid-value,Indore,Madhya Pradesh,Tier-2,Central,Affiliate,Loyalty
5066,44.0,27.328751248517253,386.1770030523766,0.8383235912959066,4,198.46161743438714,9.51497077388772,0.0925012827245472,1,mid-value,Lucknow,Uttar Pradesh,Tier-2,North,Paid,Loyalty
5067,18.0,51.98239287510538,551.3883834185173,0.5629822420663771,2,1344.2572678032495,4.6889467261991316,0.11614871736286893,1,high-value,Chandigarh,Chandigarh,Tier-2,North,Referral,Clearance
5068,,43.675899527062235,383.00559362994676,0.6999810218222613,0,330.20322390766506,6.099943065466784,0.16132375847672709,1,mid-value,Jaipur,Rajasthan,Tier-2,North,Referral,Festival
5069,32.0,31.665465922054743,200.13243107821546,0.749729350721248,1,253.53455893316897,6.249188052163744,0.004177973440576433,1,mid-value,Bengaluru,Karnataka,Tier-1,South,Marketplace,Clearance
5070,33.0,22.725710788653885,461.58155061682703,0.6763937767172867,0,625.1386052897559,12.02918133015186,0.18781355231110664,0,high-value,Mumbai,Maharashtra,Tier-1,West,Paid,BOGO
5071,16.0,3.972404559024707,307.2515413607414,0.7461335557293095,0,25.349064504655605,5.238400667187928,0.0012458140937607665,1,low-value,Kochi,Kerala,Tier-2,South,Paid,Clearance
5072,32.0,9.437436678256722,663.18859572942,0.20864533255599838,0,187.4946711283952,7.6259359976679955,0.25425694616460154,0,low-value,Vizag,Andhra Pradesh,Tier-3,South,Organic,Loyalty
5073,40.0,12.388486182822868,379.8320417003165,0.4983745470217975,1,613.8756809469564,6.495123641065392,0.316812946037557,0,high-value,Ahmedabad,Gujarat,Tier-2,West,Referral,BOGO
5074,20.0,23.02962905226181,44.74467531520007,0.5882685546050872,1,16.701834176274257,7.764805663815261,0.2529668842268069,0,low-value,Hyderabad,Telangana,Tier-1,South,Organic,Festival
5075,38.0,56.7044751775002,433.6047458233511,0.0024779308570230807,1,1695.345105363693,13.007433792571069,0.31208398794219416,0,high-value,Ahmedabad,Gujarat,Tier-2,West,Paid,Loyalty
5076,34.0,30.804050296666173,671.6896688390343,0.855962508813682,2,788.592161008223,11.567887526441046,5.925850293364565e-06,1,high-value,Hyderabad,Telangana,Tier-1,South,Marketplace,Loyalty
5077,27.0,14.855569632294634,616.3880432818085,0.6100245084449121,0,324.25496356084136,6.830073525334736,0.0267488879779393,1,mid-value,Hyderabad,Telangana,Tier-1,South,Organic,Clearance
5078,42.0,7.23925811022933,654.6431433134848,0.12913633169820327,0,136.70479463483034,7.38740899509461,0.3143080983939999,1,low-value,Indore,Madhya Pradesh,Tier-2,Central,Paid,No Discount
5079,11.0,20.960025951574877,227.03597219278046,0.8163570725758271,0,92.68533977292653,5.449071217727481,0.3613050665805468,1,low-value,Nagpur,Maharashtra,Tier-3,West,Organic,Festival
5080,37.0,49.12810749751235,516.8228593965168,0.7170569664405446,3,4136.170204062956,10.151170899321635,0.3229657069002275,0,high-value,Kochi,Kerala,Tier-2,South,Organic,Loyalty
5081,50.0,23.617224811219966,271.70081903949324,0.758299543463637,1,107.1072352648692,7.274898630390911,0.29835550914909825,1,low-value,Vizag,Andhra Pradesh,Tier-3,South,Organic,No Discount
5082,48.0,46.5778425553224,413.6434099125387,0.3920424618618562,1,443.63929403248113,6.176127385585568,0.318322198715202,1,mid-value,Pune,Maharashtra,Tier-2,West,Organic,Clearance
5083,37.0,48.359593591485854,189.05713568904014,0.8542025066949921,1,150.7596413110425,11.562607520084976,0.3328154666082746,1,low-value,Indore,Madhya Pradesh,Tier-2,Central,Affiliate,BOGO
5084,30.0,7.538425412223544,283.33163526759256,0.41402758213236224,3,39.78193287284936,5.242082746397086,0.3259698742654062,1,low-value,Pune,Maharashtra,Tier-2,West,Affiliate,Festival
5085,27.0,36.91092540498024,278.5629953954577,0.5705091529455913,1,172.1460524509173,3.711527458836774,0.3321038149597529,0,low-value,Mumbai,Maharashtra,Tier-1,West,Referral,Loyalty
5086,30.0,57.586667738895535,514.7832920213924,0.0006423036998737253,1,722.4949626761645,5.001926911099622,0.033308868336831374,1,high-value,Pune,Maharashtra,Tier-2,West,Referral,Clearance
5087,39.0,24.726146419309682,500.1078682504483,0.6448731146778622,2,465.10637996392904,10.934619344033587,0.02847219817258112,0,mid-value,Hyderabad,Telangana,Tier-1,South,Marketplace,No Discount
5088,25.0,4.005701251178314,421.5229593996231,0.7181757921279367,0,53.41158442471546,13.154527376383811,0.16250397445324755,0,low-value,Indore,Madhya Pradesh,Tier-2,Central,Marketplace,Festival
5089,41.0,55.47485872521484,177.43678729169218,0.5671093654887923,1,224.03986716723517,5.701328096466376,0.23741852154695806,0,mid-value,Bengaluru,Karnataka,Tier-1,South,Paid,Festival
5090,55.0,53.13631061277649,333.254084907542,0.49655881704361604,0,578.9116897553156,6.489676451130848,0.3431785742647775,1,high-value,Nagpur,Maharashtra,Tier-3,West,Organic,Festival
5091,33.0,31.806345385331106,268.0825275585911,0.8099364737117083,0,177.06854091031312,8.429809421135126,0.15061851845595564,0,low-value,Coimbatore,Tamil Nadu,Tier-3,South,Referral,Loyalty
5092,20.0,33.58293410029657,510.4513635041736,0.6813727171652418,1,1539.9789570689038,10.044118151495725,0.12380268448513568,1,high-value,Vizag,Andhra Pradesh,Tier-3,South,Affiliate,Festival
5093,20.0,13.492725063791369,556.7277279225776,0.278074039720023,1,137.8133614445713,5.834222119160069,0.35165173865333826,1,low-value,Delhi,Delhi,Tier-1,North,Organic,Clearance
5094,41.0,49.3475945771336,538.4578379046325,0.9590733380799858,1,1516.4241984361472,7.877220014239958,0.11220158315429775,0,high-value,Delhi,Delhi,Tier-1,North,Paid,Clearance
5095,33.0,30.417402265135458,266.71708708744694,0.7072671941953408,0,133.9428670245116,12.121801582586023,0.3693786195665085,0,low-value,Vizag,Andhra Pradesh,Tier-3,South,Paid,Festival
5096,42.0,2.998789913410834,40.0,0.9879389289124246,1,8.098757443508992,6.963816786737274,0.07971009737401737,1,low-value,Coimbatore,Tamil Nadu,Tier-3,South,Paid,Clearance
5097,28.0,41.29788243049087,114.95571528049184,0.9712613162688684,2,359.27652766787565,7.913783948806605,0.16176308529261457,0,mid-value,Lucknow,Uttar Pradesh,Tier-2,North,Referral,Festival
5098,42.0,57.07927991835966,593.2440467123313,0.9189097228100899,1,644.898059088758,7.75672916843027,0.18048402424187565,1,high-value,Ahmedabad,Gujarat,Tier-2,West,Paid,No Discount
5099,32.0,49.919878930399264,319.81175910202643,0.7553715412253076,0,,10.266114623675923,0.1347797012884393,0,mid-value,Indore,Madhya Pradesh,Tier-2,Central,Affiliate,Clearance
5100,26.0,17.35469027242185,267.39130726023313,0.6094293684969674,0,95.01196946391376,10.828288105490902,0.0015106112491556911,0,low-value,Lucknow,Uttar Pradesh,Tier-2,North,Marketplace,Clearance
5101,29.0,4.1461800110670985,626.3990440154352,0.17217066368292422,2,41.64766115656885,4.516511991048772,0.10597916601956155,1,low-value,Coimbatore,Tamil Nadu,Tier-3,South,Organic,No Discount
5102,22.0,56.48073333975265,569.773991823249,0.5433514174237577,0,1498.1002403563737,5.6300542522712735,0.15194410149549317,0,high-value,Indore,Madhya Pradesh,Tier-2,Central,Marketplace,BOGO
5103,53.0,56.28670076790238,383.667308287968,0.7653765223943273,0,403.58608764874026,8.296129567182982,0.14113120253699823,0,mid-value,Mumbai,Maharashtra,Tier-1,West,Marketplace,BOGO
5104,33.0,32.41250386305929,335.9895363404039,0.5208571587055678,1,413.94110362417206,8.562571476116704,0.3534999734147432,0,mid-value,Kochi,Kerala,Tier-2,South,Paid,Festival
5105,,38.896727288620575,360.18481807803124,0.8682391284056578,2,380.3573374822276,11.604717385216974,0.021315493141412855,0,mid-value,Nagpur,Maharashtra,Tier-3,West,Paid,Clearance
5106,28.0,28.29340358193769,414.0744197581199,0.10965589919169827,1,366.0407044247701,5.328967697575095,0.17502691484485833,0,mid-value,Ahmedabad,Gujarat,Tier-2,West,Marketplace,Festival
5107,23.0,25.766156658826763,620.0070921979412,0.3809403480486341,0,2584.380378050302,6.142821044145903,0.016881955010748562,1,high-value,Delhi,Delhi,Tier-1,North,Paid,BOGO
5108,31.0,8.047457719793321,443.370113635584,0.5059644185936573,1,90.55603097628251,3.517893255780972,0.4187914047580542,0,low-value,Bengaluru,Karnataka,Tier-1,South,Organic,No Discount
5109,45.0,6.708421003304665,488.9043549558712,0.43232529586910806,3,66.13867997790233,3.2969758876073243,0.35559424666399336,1,low-value,Coimbatore,Tamil Nadu,Tier-3,South,Organic,BOGO
5110,28.0,14.731196653895061,555.3905163605257,0.10858654782155308,0,507.0264554521855,9.325759643464659,0.4419727196571061,0,high-value,Jaipur,Rajasthan,Tier-2,North,Organic,No Discount
5111,25.0,50.36180403798611,204.54859984633717,0.15352829404463053,2,170.87690024468074,4.460584882133892,0.40957223926320835,1,low-value,Indore,Madhya Pradesh,Tier-2,Central,Referral,No Discount
5112,35.0,9.60410574340512,493.2292838711064,0.8376172928554871,1,129.42315039422544,9.512851878566462,0.14211574745223798,1,low-value,Vizag,Andhra Pradesh,Tier-3,South,Organic,Festival
5113,38.0,14.375220462967933,335.8146868007583,0.484384259201451,2,297.12444626326925,5.453152777604354,0.31121253554876116,0,mid-value,Mumbai,Maharashtra,Tier-1,West,Referral,No Discount
5114,50.0,33.368229500010244,40.0,0.04872242675272764,2,30.489264475127598,6.146167280258183,0.13794933936528378,1,low-value,Hyderabad,Telangana,Tier-1,South,Paid,Clearance
5115,37.0,13.69274186661819,60.7745687021282,0.016491258977649914,1,48.41421833653925,5.04947377693295,0.3996950345683308,1,low-value,Coimbatore,Tamil Nadu,Tier-3,South,Marketplace,No Discount
5116,,10.629194398349439,227.28235827219714,0.4734754019943266,1,252.82382017792187,7.42042620598298,0.18483879148530363,0,mid-value,Lucknow,Uttar Pradesh,Tier-2,North,Paid,Festival
5117,41.0,34.235658260179775,459.6834842888872,0.1643787259244437,1,342.2332319355729,4.493136177773331,0.16914939385690447,1,mid-value,Mumbai,Maharashtra,Tier-1,West,Affiliate,No Discount
5118,22.0,22.717502988800312,397.06993480104444,0.7051259459992218,3,736.9490026144592,8.115377837997666,0.41133093490500006,1,high-value,Kochi,Kerala,Tier-2,South,Affiliate,Loyalty
5119,24.0,37.94339786458768,407.6550060763496,0.7953234625277513,1,,10.385970387583253,0.37653312942893447,1,high-value,Bengaluru,Karnataka,Tier-1,South,Organic,BOGO
5120,23.0,54.820115084111904,672.6415224030038,0.2282967084571056,1,752.7857670542749,3.6848901253713167,0.4348860990139357,1,high-value,Nagpur,Maharashtra,Tier-3,West,Referral,Festival
5121,20.0,9.908594754668991,189.63655777102815,0.5921769448817807,2,207.6098357252612,7.776530834645342,0.029919638508501083,1,low-value,Nagpur,Maharashtra,Tier-3,West,Organic,No Discount
5122,41.0,54.89258592897077,375.88499687244143,0.154444643485386,1,388.3893708501484,9.463333930456159,0.10950249511748696,1,mid-value,Coimbatore,Tamil Nadu,Tier-3,South,Marketplace,Loyalty
5123,36.0,54.2469080779522,425.6653284220723,0.303582651594387,1,442.3945969673075,3.910747954783161,0.13538598654017056,1,mid-value,Jaipur,Rajasthan,Tier-2,North,Referral,BOGO
5124,34.0,49.91616741681827,269.5590325192497,0.8887954941814333,0,966.55196454504,7.6663864825443,0.19095842742964295,1,high-value,Ahmedabad,Gujarat,Tier-2,West,Organic,Loyalty
5125,8.0,38.24586912105902,384.24901176244117,0.5440980914823108,1,408.8485916404525,6.632294274446933,0.2129085206768412,1,mid-value,Bhopal,Madhya Pradesh,Tier-3,Central,Organic,No Discount
5126,54.0,37.5886527904673,140.00759988734825,0.8858886951442001,0,463.2683877159925,12.6576660854326,0.1311625926300321,0,high-value,Lucknow,Uttar Pradesh,Tier-2,North,Paid,Festival
5127,25.0,38.71354693625359,591.4859325912541,0.22524780417950696,1,534.7286931581358,7.675743412538521,0.3557026904152628,0,high-value,Chandigarh,Chandigarh,Tier-2,North,Marketplace,No Discount
5128,54.0,41.739237521850974,277.75781712043494,0.33002434324866603,1,1220.0705754830885,1.990073029745998,0.10045986501827542,1,high-value,Bengaluru,Karnataka,Tier-1,South,Marketplace,Clearance
5129,19.0,1.972449835173264,684.7100247167755,0.47095213845681705,1,22.101166257442834,5.412856415370451,0.31343279098460086,1,low-value,Chandigarh,Chandigarh,Tier-2,North,Organic,No Discount
5130,25.0,57.52746217047833,375.1288514123817,0.4800800751945429,1,1208.3927137207784,6.440240225583628,0.38329574201644384,0,high-value,Lucknow,Uttar Pradesh,Tier-2,North,Organic,No Discount
5131,11.0,35.550621926469205,534.2080348098775,0.9976479671837004,0,420.59343481670106,7.992943901551101,0.27166420762181387,0,mid-value,Ahmedabad,Gujarat,Tier-2,West,Paid,Clearance
5132,,47.106484524742875,372.00456965132685,0.11444531897113008,1,1312.1324727927713,7.34333595691339,0.15937151665176938,1,high-value,Nagpur,Maharashtra,Tier-3,West,Paid,Loyalty
5133,22.0,23.259628504620427,375.3884251609205,0.8519650356015908,1,486.8242618979754,5.555895106804773,0.08455105898849309,1,high-value,Bengaluru,Karnataka,Tier-1,South,Organic,BOGO
5134,23.0,1.7314356210319615,292.39560001669884,0.8636820394218702,1,15.816123804780938,9.591046118265611,0.0604557874816632,1,low-value,Kochi,Kerala,Tier-2,South,Organic,BOGO
5135,20.0,31.074344932710193,397.86858940494164,0.5531986315377874,1,315.72595891443524,9.659595894613362,0.33487863261707773,0,mid-value,Vizag,Andhra Pradesh,Tier-3,South,Marketplace,Loyalty
5136,41.0,30.924217039639807,427.6998041621071,0.34403716825915376,1,,8.032111504777461,0.2111093989125822,0,low-value,Lucknow,Uttar Pradesh,Tier-2,North,Paid,Loyalty
5137,41.0,26.782368010375656,262.36122366272303,0.5192261042882962,0,958.0081323677077,4.557678312864889,0.020843798025315437,0,high-value,Delhi,Delhi,Tier-1,North,Referral,No Discount
5138,52.0,21.04330619556253,361.24333762101736,0.2924677048065638,0,1294.7169923420429,6.877403114419692,0.4427277781241791,1,high-value,Lucknow,Uttar Pradesh,Tier-2,North,Paid,Festival
5139,27.0,15.7397391807736,288.48517009143296,0.7991074484399395,1,173.68357707118903,12.397322345319818,0.3020864323450455,1,low-value,Indore,Madhya Pradesh,Tier-2,Central,Paid,BOGO
5140,36.0,32.125147595333786,724.9496104422258,0.49827915871033013,3,857.9503196334043,11.494837476130991,0.3798821481421397,1,high-value,Lucknow,Uttar Pradesh,Tier-2,North,Referral,Loyalty
5141,21.0,23.14141024191615,366.5403845132572,0.9258421788774506,2,149.01137230807143,12.777526536632351,0.19718490209265516,1,low-value,Ahmedabad,Gujarat,Tier-2,West,Organic,BOGO
5142,30.0,58.225981099938714,611.7848227544839,0.6226913443560438,4,607.7112953781672,6.868074033068131,0.4299473793636112,1,high-value,Chandigarh,Chandigarh,Tier-2,North,Organic,BOGO
5143,28.0,11.202711158248954,350.65665037884673,0.5143193331146834,1,68.62093997710586,4.5429579993440505,0.08978625941585727,0,low-value,Hyderabad,Telangana,Tier-1,South,Affiliate,Festival
5144,38.0,19.86026848999813,418.8931462302362,0.7110693539776523,2,588.7308054578202,8.133208061932956,0.08331125532246725,1,high-value,Lucknow,Uttar Pradesh,Tier-2,North,Marketplace,Festival
5145,44.0,18.34366778454969,181.7953892532096,0.5039329644302343,0,111.63601108142973,7.5117988932907025,0.4006506306466615,0,low-value,Lucknow,Uttar Pradesh,Tier-2,North,Referral,No Discount
5146,43.0,33.05524139792146,312.9391112198203,0.9045063504194472,0,211.59982658449502,7.713519051258341,0.40127267880257766,1,mid-value,Chandigarh,Chandigarh,Tier-2,North,Organic,Festival
5147,25.0,30.457535161474727,411.58020061838704,0.1844459608868413,1,518.750546624105,5.553337882660524,0.224558768474569,1,high-value,Nagpur,Maharashtra,Tier-3,West,Organic,No Discount
5148,43.0,38.980687460032115,617.90057464398,0.9733486837459057,1,547.1658087585682,11.920046051237717,0.05660385990929039,0,high-value,Bhopal,Madhya Pradesh,Tier-3,Central,Organic,Loyalty
5149,33.0,57.05010446387826,413.2974166514407,0.812190551851192,1,1212.2344043639887,11.436571655553577,0.13734740619147237,0,high-value,Nagpur,Maharashtra,Tier-3,West,Affiliate,No Discount
5150,30.0,17.828044044138174,587.5580541789499,0.8607333618648696,1,426.77425743801473,11.582200085594609,0.3393685521155105,1,mid-value,Nagpur,Maharashtra,Tier-3,West,Marketplace,Festival
5151,26.0,41.87352258604479,476.109366530438,0.48290783237107116,1,356.9041546275366,6.448723497113214,0.38069635860058654,0,mid-value,Bhopal,Madhya Pradesh,Tier-3,Central,Paid,Loyalty
5152,28.0,2.4773719773058334,624.1102009197028,0.8372015493375974,0,75.90148408806301,7.511604648012792,0.15644463648516768,1,low-value,Hyderabad,Telangana,Tier-1,South,Affiliate,Loyalty
5153,51.0,16.480919891283847,371.1436674042417,0.30677408357720515,0,98.15278166406839,6.9203222507316156,0.027555156817590527,1,low-value,Ahmedabad,Gujarat,Tier-2,West,Organic,Festival
5154,37.0,28.359463951798976,738.5334065977706,0.7619481785641752,1,889.1309072726896,8.285844535692526,0.2995770067077513,1,high-value,Indore,Madhya Pradesh,Tier-2,Central,Paid,Clearance
5155,35.0,2.8286925203869333,307.19056956288154,0.14045015838902264,2,119.54143425013166,4.421350475167068,0.3327736686472321,1,low-value,Jaipur,Rajasthan,Tier-2,North,Organic,Clearance
5156,31.0,37.4424981726647,265.0307248703497,0.3070519159625087,0,478.9677568848817,6.921155747887526,0.19080660413866166,0,mid-value,Kochi,Kerala,Tier-2,South,Organic,Loyalty
5157,58.0,41.020325895700786,198.4920725466449,0.44573266335973283,0,515.8166611076036,7.337197990079199,0.2623939252280412,1,high-value,Mumbai,Maharashtra,Tier-1,West,Affiliate,BOGO
5158,47.0,45.05717117544475,729.6537007337106,0.32231971814342186,1,929.2599885759998,7.966959154430265,0.44431717388583747,0,high-value,Bengaluru,Karnataka,Tier-1,South,Marketplace,Clearance
5159,26.0,31.477895785737722,502.91713589268466,0.3870171156241836,1,1275.5058028093335,9.16105134687255,0.11024936971184673,0,high-value,Nagpur,Maharashtra,Tier-3,West,Organic,Festival
5160,31.0,36.63273523373897,329.88188999295375,0.820104744783698,1,287.6947224250625,11.460314234351094,0.25783996220966293,1,mid-value,Coimbatore,Tamil Nadu,Tier-3,South,Organic,Festival
5161,31.0,24.367849825430746,567.3534045310242,0.25667589214216757,1,242.23838325459468,3.7700276764265026,0.27493218610318915,1,mid-value,Ahmedabad,Gujarat,Tier-2,West,Paid,BOGO
5162,35.0,3.4339289178871897,483.1538277676673,0.7452811721545722,1,61.6264732834265,6.235843516463717,0.2470982382110084,1,low-value,Ahmedabad,Gujarat,Tier-2,West,Organic,Loyalty
5163,26.0,6.89715949069627,674.9191207063385,0.07371206911165185,2,294.45464841687703,5.221136207334956,0.3911083010747081,0,mid-value,Lucknow,Uttar Pradesh,Tier-2,North,Paid,No Discount
5164,38.0,39.644759527886386,147.8250750890133,0.7657391075150608,0,202.48741560012175,8.297217322545183,0.2722533893649524,0,mid-value,Indore,Madhya Pradesh,Tier-2,Central,Paid,BOGO
5165,48.0,59.7377626755608,340.1959837528618,0.792023242829773,0,397.625604965778,11.37606972848932,0.22855051007608052,0,mid-value,Bengaluru,Karnataka,Tier-1,South,Organic,Clearance
5166,20.0,1.9323911106344744,310.6217924085762,0.401698775502482,0,14.819373227804231,8.205096326507446,0.05535676199752792,1,low-value,Indore,Madhya Pradesh,Tier-2,Central,Organic,No Discount
5167,22.0,33.89742631275658,83.94759853870977,0.7224778231674704,0,244.02269020851324,8.167433469502411,0.3164441396820415,1,mid-value,Coimbatore,Tamil Nadu,Tier-3,South,Organic,No Discount
5168,29.0,45.30951642007091,539.0490807169541,0.9151384037450991,2,664.4781061420566,7.745415211235297,0.05944831267261517,1,high-value,Kochi,Kerala,Tier-2,South,Affiliate,Festival
5169,29.0,49.77971485281884,339.44051662949624,0.8007129735545269,1,514.9215292140592,7.402138920663581,0.011956452013900649,1,high-value,Coimbatore,Tamil Nadu,Tier-3,South,Paid,Festival
5170,53.0,33.16708917213577,490.9446807479843,0.3904465103969599,1,653.5967354589033,10.17133953119088,0.219839023378558,0,high-value,Chandigarh,Chandigarh,Tier-2,North,Paid,No Discount
5171,44.0,37.5750428308622,733.9657901494418,0.4842135142800644,2,2254.841576251884,7.452640542840193,0.25760037246647954,1,high-value,Bhopal,Madhya Pradesh,Tier-3,Central,Organic,Festival
5172,43.0,42.10677177119865,327.01344622585873,0.7793575447858054,0,220.17214928686784,10.338072634357417,0.449574327618246,1,mid-value,Hyderabad,Telangana,Tier-1,South,Referral,Loyalty
5173,31.0,51.679008731912404,316.8270526014267,0.29259458984912357,0,1017.8476099201612,3.8777837695473707,0.32054705750487894,1,high-value,Mumbai,Maharashtra,Tier-1,West,Organic,BOGO
5174,31.0,8.2150826949663,397.7996254585994,0.8038827403088735,2,192.10614528747365,10.41164822092662,0.3818656441024098,1,low-value,Delhi,Delhi,Tier-1,North,Organic,Festival
5175,19.0,55.64474958021694,528.0871029475114,0.32807114256094116,2,2055.578186647043,6.984213427682824,0.1558746175638399,0,high-value,Vizag,Andhra Pradesh,Tier-3,South,Referral,BOGO
5176,41.0,2.5350268095426305,294.9930462034775,0.8059905823855381,1,19.188033992053672,6.4179717471566144,0.2290116071609854,1,low-value,Chandigarh,Chandigarh,Tier-2,North,Referral,Clearance
5177,38.0,50.33578530650875,285.3557604301804,0.08680044335072334,0,451.62130816349435,4.26040133005217,0.43842104579783503,0,mid-value,Hyderabad,Telangana,Tier-1,South,Organic,BOGO
5178,46.0,5.527685167022138,538.5783905362049,0.044397296910590134,1,144.54945325433866,3.13319189073177,0.18782484846424932,0,low-value,Coimbatore,Tamil Nadu,Tier-3,South,Paid,Festival
5179,31.0,12.483064484690415,436.79589857570534,0.9976754473698223,0,177.97811993696988,8.993026342109466,0.36328069116107276,0,low-value,Ahmedabad,Gujarat,Tier-2,West,Affiliate,No Discount
5180,32.0,1.2297546364868241,73.2907605492769,0.869457123234689,1,2.005596681526835,6.608371369704067,0.23669510298502325,0,low-value,Lucknow,Uttar Pradesh,Tier-2,North,Organic,Festival
5181,35.0,27.2701456266264,196.19123007963378,0.8828475034662039,0,242.23744842650657,8.648542510398611,0.10078283318852885,0,mid-value,Hyderabad,Telangana,Tier-1,South,Organic,Loyalty
5182,42.0,20.727194376326143,605.1853795740816,0.9512799476066175,0,213.58962205857947,8.853839842819852,0.2611883867448973,0,mid-value,Delhi,Delhi,Tier-1,North,Paid,Clearance
5183,19.0,10.793581777734612,440.28924246182186,0.43831630941448785,2,200.02399566551424,10.314948928243464,0.09812791276664469,1,low-value,Ahmedabad,Gujarat,Tier-2,West,Organic,No Discount
5184,41.0,27.61431948743047,265.67061034441264,0.2868355546801522,0,420.7149336566878,9.860506664040457,0.0013621454440835069,1,mid-value,Hyderabad,Telangana,Tier-1,South,Referral,Loyalty
5185,33.0,24.739882107158845,354.4385514147527,0.130024995017903,2,141.71656750445294,6.390074985053709,0.10615320696300447,0,low-value,Lucknow,Uttar Pradesh,Tier-2,North,Referral,Loyalty
5186,23.0,46.29200092922575,381.98550092025056,0.5012091335384645,2,334.2030306830812,5.503627400615393,0.08691472455979067,1,mid-value,Mumbai,Maharashtra,Tier-1,West,Paid,Clearance
5187,13.0,53.69468805813191,490.36000404202457,0.22004832047660783,2,1018.4743776310883,4.660144961429824,0.1669145297397452,1,high-value,Hyderabad,Telangana,Tier-1,South,Referral,BOGO
5188,32.0,39.50146785425783,176.2604907711816,0.9355508567393197,1,128.1527771306303,8.80665257021796,0.3998686067141797,0,low-value,Lucknow,Uttar Pradesh,Tier-2,North,Paid,No Discount
5189,48.0,8.340212934864908,253.8576291994313,0.004003162442779096,3,58.045704900771014,7.012009487328338,0.17453388311940413,1,low-value,Pune,Maharashtra,Tier-2,West,Marketplace,Clearance
5190,50.0,18.428056887881187,420.94336322950835,0.14319673774312158,2,295.7369948885757,6.429590213229365,0.380334432370946,1,mid-value,Chandigarh,Chandigarh,Tier-2,North,Organic,Loyalty
5191,37.0,54.88577951310451,365.02481292568245,0.2464758530834268,0,365.76201006185727,7.739427559250281,0.2500258590592116,0,mid-value,Chandigarh,Chandigarh,Tier-2,North,Organic,Clearance
5192,53.0,6.235335087465461,465.77887739550647,0.19895671159319506,0,58.010583369831046,3.5968701347795853,0.003426616900155122,1,low-value,Vizag,Andhra Pradesh,Tier-3,South,Referral,No Discount
5193,33.0,25.004494524058764,195.57389039606034,0.2257784365797103,1,209.8529108468886,7.677335309739131,0.08493152080644682,0,low-value,Coimbatore,Tamil Nadu,Tier-3,South,Organic,BOGO
5194,43.0,56.60777253477539,433.56930144069815,0.6560476050611784,1,600.2738977388319,14.968142815183535,0.4190751203436164,1,high-value,Hyderabad,Telangana,Tier-1,South,Organic,BOGO
5195,29.0,57.08922564669966,543.7375429066208,0.3275120783131492,0,1136.4240262013864,6.982536234939448,0.2718780507889733,0,high-value,Kochi,Kerala,Tier-2,South,Organic,BOGO
5196,28.0,25.260987445884652,453.0227820723925,0.6150243819033733,1,1947.10968240886,5.84507314571012,0.4182960863575233,0,high-value,Chandigarh,Chandigarh,Tier-2,North,Referral,BOGO
5197,27.0,40.37641639782905,400.8667609642388,0.8902579336462912,1,263.95436824645526,9.670773800938875,0.1395540091365538,1,mid-value,Lucknow,Uttar Pradesh,Tier-2,North,Organic,No Discount
5198,13.0,27.94799030288594,365.6174596151044,0.602556765525702,1,270.48743813797506,7.807670296577106,0.3224530702272343,1,mid-value,Nagpur,Maharashtra,Tier-3,West,Referral,No Discount
5199,46.0,45.454171826744165,254.77232708427474,0.6945327912863815,2,286.29977674596927,11.083598373859145,0.34741132195376695,1,mid-value,Bengaluru,Karnataka,Tier-1,South,Marketplace,BOGO
5200,27.0,2.8632985108869122,369.20021113403175,0.3655032982213573,0,25.772910132005606,3.096509894664072,0.43906482123131496,1,low-value,Pune,Maharashtra,Tier-2,West,Referral,Loyalty
5201,25.0,9.505271786360149,568.9558779320608,0.15973846762270916,0,141.4465899637284,5.479215402868127,0.008179417426032315,1,low-value,Coimbatore,Tamil Nadu,Tier-3,South,Organic,No Discount
5202,22.0,37.23772940907236,362.1457240099812,0.3205840624499061,2,592.3109877499761,10.961752187349719,0.4285067468054608,0,high-value,Bhopal,Madhya Pradesh,Tier-3,Central,Marketplace,Clearance
5203,31.0,14.720583484140752,246.52940159773848,0.9642826487041081,1,58.50569340692684,13.892847946112324,0.1762155979218743,1,low-value,Mumbai,Maharashtra,Tier-1,West,Organic,Clearance
5204,51.0,40.297085656879766,306.16293668519205,0.6218113844531371,1,294.6063601787253,5.865434153359411,0.37709658258519013,0,mid-value,Indore,Madhya Pradesh,Tier-2,Central,Affiliate,Festival
5205,54.0,21.722152720216602,410.12754459138955,0.2775111194340152,1,197.39716499646207,7.832533358302046,0.24512081319948778,1,low-value,Hyderabad,Telangana,Tier-1,South,Referral,BOGO
5206,17.0,53.31208792954146,323.97290042287295,0.45091526716210384,1,535.8428406402068,6.352745801486312,0.25409229436501446,0,high-value,Bengaluru,Karnataka,Tier-1,South,Organic,Loyalty
5207,30.0,49.3363037480392,452.7954924594711,0.8355130374309944,0,997.6912675460171,8.506539112292984,0.16172004968390255,1,high-value,Mumbai,Maharashtra,Tier-1,West,Marketplace,Loyalty
5208,23.0,30.07743020405815,458.4265641123546,0.6684435707057735,0,1444.9253673515052,6.0053307121173205,0.3728126656701889,1,high-value,Lucknow,Uttar Pradesh,Tier-2,North,Paid,No Discount
5209,43.0,46.60081013859661,513.3474770606972,0.5606528407291682,1,915.4619878974722,7.681958522187505,0.11880610687702503,0,high-value,Kochi,Kerala,Tier-2,South,Paid,Clearance
5210,36.0,16.997135287870332,593.533920839755,0.8851628766338411,2,630.507064866553,7.655488629901523,0.22150862378037292,1,high-value,Indore,Madhya Pradesh,Tier-2,Central,Paid,Loyalty
5211,27.0,30.161326831899895,529.3788086558541,0.6724395722167903,1,360.85122420956463,8.01731871665037,0.25207852444536394,0,mid-value,Pune,Maharashtra,Tier-2,West,Referral,Festival
5212,34.0,12.651441059933411,239.86414037780602,0.6427297307910954,1,53.225180040641476,9.928189192373287,0.3341344920423698,1,low-value,Nagpur,Maharashtra,Tier-3,West,Referral,Loyalty
5213,29.0,51.792283942738635,244.46983301355917,0.18976813721076813,3,538.4154939893928,11.569304411632304,0.21223590166869166,1,high-value,Chandigarh,Chandigarh,Tier-2,North,Marketplace,Clearance
5214,50.0,49.56098937753648,368.6342785310263,0.10638868301240778,0,721.6307174143979,4.319166049037223,0.3061273044777722,1,high-value,Bhopal,Madhya Pradesh,Tier-3,Central,Organic,Clearance
5215,39.0,54.226830436131074,312.3236964140878,0.965142117057399,2,381.94299175888415,7.895426351172198,0.21838234335658893,0,mid-value,Pune,Maharashtra,Tier-2,West,Referral,Festival
5216,40.0,52.771141892231306,209.25099095585858,0.5988583701003527,0,764.4785351095086,6.796575110301058,0.2966942866313676,1,high-value,Hyderabad,Telangana,Tier-1,South,Referral,Loyalty
5217,7.0,57.61617946151019,313.74623087405087,0.4156834091464291,0,302.2542580787242,9.247050227439287,0.3033645642936667,1,mid-value,Jaipur,Rajasthan,Tier-2,North,Referral,Clearance
5218,,14.471837666283632,,0.5890208209102176,1,165.3297985609657,7.767062462730653,0.3192487022381597,1,low-value,Indore,Madhya Pradesh,Tier-2,Central,Paid,Clearance
5219,54.0,55.977633156923616,279.2228390358191,0.06181196107171538,3,1328.236660862423,8.185435883215145,0.3704849072371467,1,high-value,Jaipur,Rajasthan,Tier-2,North,Paid,Clearance
5220,47.0,34.70157828976786,332.6315770767492,0.8221272739041068,1,726.1805677881182,7.466381821712321,0.24332515243196282,1,high-value,Coimbatore,Tamil Nadu,Tier-3,South,Marketplace,No Discount
5221,15.0,25.927209951170976,556.7676275477496,0.21664553556433597,1,238.646579939174,8.649936606693007,0.08697517374145197,0,mid-value,Mumbai,Maharashtra,Tier-1,West,Organic,BOGO
5222,30.0,34.062059862104505,409.8857061873859,0.804546006317947,0,694.808570449459,9.41363801895384,0.30583837872857494,1,high-value,Indore,Madhya Pradesh,Tier-2,Central,Organic,Festival
5223,21.0,21.213539042366392,750.7713614083204,0.5343784432636106,0,358.5264422170978,7.603135329790832,0.03470313757147284,0,mid-value,Jaipur,Rajasthan,Tier-2,North,Paid,Festival
5224,51.0,18.024627410696173,405.5762279029474,0.27657201365690276,0,487.22976483622324,7.829716040970708,0.09852976010753282,1,mid-value,Hyderabad,Telangana,Tier-1,South,Organic,BOGO
5225,36.0,15.237545940674197,336.49013390941224,0.03020994824207046,2,296.2077919716244,9.09062984472621,0.35647088789915965,1,mid-value,Chandigarh,Chandigarh,Tier-2,North,Organic,No Discount
5226,26.0,5.8632513779704825,380.61993239822993,0.8158333553266057,0,39.21779379962348,9.447500065979817,0.1957815649485297,1,low-value,Coimbatore,Tamil Nadu,Tier-3,South,Organic,BOGO
5227,34.0,30.29732893168406,418.473796766531,0.17646014146930666,1,872.6527275603639,6.52938042440792,0.22411987544304768,1,high-value,Lucknow,Uttar Pradesh,Tier-2,North,Referral,Clearance
5228,7.0,53.377938867119354,445.28809357565956,0.051805115639873445,4,3420.1421476994587,6.155415346919621,0.44432861331758855,1,high-value,Delhi,Delhi,Tier-1,North,Affiliate,BOGO
5229,23.0,38.17896618718869,691.5066988788535,0.7558777308258808,1,758.3041407898586,5.267633192477643,0.10582761863201307,1,high-value,Delhi,Delhi,Tier-1,North,Paid,No Discount
5230,34.0,31.737562332590638,253.2019302533647,0.3500432223729788,0,142.9780379331018,10.050129667118936,0.00879873729117055,1,low-value,Jaipur,Rajasthan,Tier-2,North,Organic,BOGO
5231,42.0,26.286982176804074,508.8569087266603,0.38933400559165,1,537.7898954279311,10.168002016774949,0.05011767428302985,0,high-value,Kochi,Kerala,Tier-2,South,Marketplace,Festival
5232,14.0,28.399695952714325,411.1625896421186,0.24706758728071898,3,874.4739289932796,9.741202761842157,0.11002583684737333,1,high-value,Ahmedabad,Gujarat,Tier-2,West,Organic,Loyalty
5233,30.0,13.347363506745104,144.33533861440736,0.8591784786968971,1,30.688193593900653,6.577535436090692,0.32666401097841113,1,low-value,Ahmedabad,Gujarat,Tier-2,West,Affiliate,Festival
5234,44.0,49.553216754392736,495.6048173142145,0.29732952610653207,0,542.4513416671692,6.891988578319596,0.3491199143931429,1,high-value,Coimbatore,Tamil Nadu,Tier-3,South,Paid,No Discount
5235,19.0,12.704594833610155,570.1435341205857,0.21019256975102385,1,129.82547212321958,4.630577709253071,0.2544700293063512,1,low-value,Mumbai,Maharashtra,Tier-1,West,Organic,Clearance
5236,36.0,43.28074264691147,251.42353943338554,0.3092497263361561,2,218.91655929547605,6.927749179008468,0.11477087941417262,0,mid-value,Delhi,Delhi,Tier-1,North,Paid,No Discount
5237,34.0,45.839115678273004,378.6599198162044,0.20314957516739696,1,372.21767133813415,6.609448725502191,0.23478385253707063,1,mid-value,Bengaluru,Karnataka,Tier-1,South,Organic,Festival
5238,51.0,34.91727347963632,121.19686069884446,0.31765522080520747,0,149.57480949641567,7.952965662415623,0.006730900170270399,0,low-value,Vizag,Andhra Pradesh,Tier-3,South,Marketplace,BOGO
5239,31.0,51.91265612233488,191.17903104734953,0.08293622286817304,1,399.84484870628006,6.248808668604519,0.30681042423380833,1,mid-value,Indore,Madhya Pradesh,Tier-2,Central,Organic,Clearance
5240,32.0,18.17197079458835,537.2044366425879,0.15853002911945835,0,203.5899126945986,5.475590087358375,0.27643389993412554,1,low-value,Bengaluru,Karnataka,Tier-1,South,Marketplace,BOGO
5241,42.0,53.015416053328934,310.03752409888483,0.4170528833961479,1,346.1775733644785,7.251158650188444,0.009808442721694611,0,mid-value,Ahmedabad,Gujarat,Tier-2,West,Marketplace,Loyalty
5242,20.0,44.03521711635894,213.67955375929412,0.8794668555898764,1,155.1403480835487,9.63840056676963,0.367655235134758,1,low-value,Vizag,Andhra Pradesh,Tier-3,South,Marketplace,Clearance
5243,31.0,48.126239837943885,414.41905466876443,0.057290746722285846,1,509.42025530339953,7.1718722401668575,0.3435419408229548,0,high-value,Kochi,Kerala,Tier-2,South,Marketplace,Clearance
5244,29.0,40.21020286211154,301.6381352853465,0.21267470676003064,1,525.7914491632251,5.638024120280092,0.1387006855057409,1,high-value,Hyderabad,Telangana,Tier-1,South,Organic,No Discount
5245,32.0,50.93423800240819,309.3767513336696,0.9083456755415963,1,,8.72503702662479,0.2859194927845377,0,high-value,Hyderabad,Telangana,Tier-1,South,Paid,Festival
5246,42.0,59.59283290034052,490.8989038512355,0.8900146741599216,0,711.7547449624489,10.670044022479765,0.2706718335592379,1,high-value,Delhi,Delhi,Tier-1,North,Marketplace,BOGO
5247,39.0,25.78960841695368,205.739996159848,0.6794508332959412,1,173.41012041062748,7.038352499887823,0.06443112565209162,1,low-value,Nagpur,Maharashtra,Tier-3,West,Paid,No Discount
5248,26.0,49.02102533886465,244.19521809772516,0.24047355409523796,1,230.20222001438935,9.721420662285714,0.08696668550146464,0,mid-value,Bengaluru,Karnataka,Tier-1,South,Organic,Festival
5249,35.0,44.93020581156398,403.1119988223303,0.41981056105578574,0,454.58089381499326,12.259431683167357,0.3074427613026583,1,mid-value,Ahmedabad,Gujarat,Tier-2,West,Organic,No Discount
5250,48.0,27.71933977700906,525.4114686122308,0.21122099443796505,2,2272.4246177173136,7.633662983313895,0.4200982408215038,1,high-value,Pune,Maharashtra,Tier-2,West,Organic,Loyalty
5251,25.0,55.689990984218205,565.7240452234774,0.12858850912520325,1,805.1741069973151,9.385765527375609,0.2593279443144389,0,high-value,Chandigarh,Chandigarh,Tier-2,North,Marketplace,Clearance
5252,35.0,24.271129844783086,280.24074194575655,0.3799983945138915,1,158.72275057305393,6.139995183541675,0.2555159155017952,1,low-value,Chandigarh,Chandigarh,Tier-2,North,Paid,BOGO
5253,32.0,34.36248906029802,520.6065450379472,0.5758216050703502,1,303.1395733441438,9.72746481521105,0.29100676261672737,0,mid-value,Nagpur,Maharashtra,Tier-3,West,Referral,BOGO
5254,33.0,7.250599062466732,262.3786559794387,0.35993267546480523,1,63.218798942149505,6.079798026394416,0.19826023508015797,0,low-value,Ahmedabad,Gujarat,Tier-2,West,Affiliate,Festival
5255,17.0,14.320736449909708,653.93140203602,0.6108245504659697,3,238.31155618859472,6.832473651397909,0.024377419575604686,0,mid-value,Pune,Maharashtra,Tier-2,West,Organic,No Discount
5256,48.0,50.60107406149188,209.93434618704075,0.29625473537930547,0,317.00225867576637,3.8887642061379166,0.17842673102611373,0,mid-value,Pune,Maharashtra,Tier-2,West,Marketplace,Festival
5257,26.0,24.396610646901994,579.2718216187596,0.3458505277607903,1,382.7840944343846,14.03755158328237,0.40511349455305035,1,mid-value,Mumbai,Maharashtra,Tier-1,West,Organic,No Discount
5258,44.0,24.250961275500234,281.5270839771914,0.7906735916446096,1,703.7388195326964,6.372020774933828,0.36222606017619685,1,high-value,Nagpur,Maharashtra,Tier-3,West,Organic,Festival
5259,27.0,15.512880073246594,681.9869682191901,0.878314730893858,1,183.0024158187694,7.634944192681575,0.41734060585967947,1,low-value,Lucknow,Uttar Pradesh,Tier-2,North,Organic,Festival
5260,27.0,30.005009723549808,468.69810932787266,0.32203408153105206,0,238.2296710991268,7.966102244593156,0.06877421330958476,0,mid-value,Indore,Madhya Pradesh,Tier-2,Central,Organic,BOGO
5261,46.0,48.54320071968672,227.5975205887667,0.5715158013452762,0,293.8856479767035,9.714547404035828,0.22768099066747327,0,mid-value,Vizag,Andhra Pradesh,Tier-3,South,Paid,Festival
5262,43.0,53.814682948650635,301.66422806862397,0.27816228389226805,1,424.30248589856154,2.8344868516768043,0.2631276696658247,1,mid-value,Bengaluru,Karnataka,Tier-1,South,Paid,No Discount
5263,36.0,5.136751490606849,497.17718078356125,0.05333464170742752,0,275.1521733256874,6.1600039251222825,0.09446647949683849,1,mid-value,Vizag,Andhra Pradesh,Tier-3,South,Organic,Loyalty
5264,41.0,34.914423143166815,537.8966626423343,0.737857181360408,2,464.2792020289512,11.213571544081224,0.09043660767103653,1,mid-value,Kochi,Kerala,Tier-2,South,Organic,No Discount
5265,31.0,28.56912870564774,369.3926612413306,0.17100348323615033,0,340.37411112952304,6.513010449708451,0.351914819689261,1,mid-value,Hyderabad,Telangana,Tier-1,South,Referral,Festival
5266,33.0,37.242629177823126,386.69874214451994,0.42571252374691715,1,305.548271544796,7.277137571240751,0.302333362673493,0,mid-value,Kochi,Kerala,Tier-2,South,Organic,Festival
5267,27.0,27.389265527587877,493.7529548966098,0.4870454933791568,0,1577.3514438366433,7.461136480137471,0.29123439156682207,1,high-value,Nagpur,Maharashtra,Tier-3,West,Marketplace,No Discount
5268,43.0,24.520044430351494,399.769764051623,0.18447158417910592,1,206.23126344028464,2.553414752537318,0.12014435609235673,0,low-value,Pune,Maharashtra,Tier-2,West,Affiliate,Loyalty
5269,27.0,28.840962033339874,185.97427109924362,0.09455535066339626,1,236.28081107081934,11.283666051990188,0.2280462409112431,0,mid-value,Pune,Maharashtra,Tier-2,West,Referral,Festival
5270,48.0,35.337948596628436,258.0538963039729,0.3480130146710706,0,207.8947183408801,8.044039044013212,0.010381479070197526,0,mid-value,Coimbatore,Tamil Nadu,Tier-3,South,Paid,BOGO
5271,30.0,30.55800945087483,415.26799147274977,0.9522859075503184,0,302.1253107933635,13.856857722650956,0.05847572367019256,1,mid-value,Bengaluru,Karnataka,Tier-1,South,Referral,No Discount
5272,34.0,28.856522610218125,562.322362474654,0.6151355899884214,0,854.0894205470753,5.8454067699652645,0.23321288824235606,0,high-value,Mumbai,Maharashtra,Tier-1,West,Referral,Clearance
5273,41.0,49.252283287526765,622.3973636243071,0.3814102284029025,0,974.5392032112653,5.144230685208708,0.13935252403436077,0,high-value,Chandigarh,Chandigarh,Tier-2,North,Affiliate,No Discount
5274,34.0,44.993231483033604,496.9294131157175,0.03891082077421493,0,407.83300655728334,7.116732462322645,0.43455139060343245,0,mid-value,Bhopal,Madhya Pradesh,Tier-3,Central,Affiliate,Festival
5275,31.0,21.141331156690377,423.0936141554546,0.6002732813910818,2,217.7647858541934,8.800819844173246,0.2121681254701548,1,mid-value,Indore,Madhya Pradesh,Tier-2,Central,Paid,Clearance
5276,33.0,48.23404993340391,492.32208289737156,0.09225764093537259,1,2405.060005917613,5.276772922806118,0.0376038703605828,1,high-value,Bengaluru,Karnataka,Tier-1,South,Referral,Loyalty
5277,42.0,51.36538947126551,279.98737246897167,0.5425440710475263,1,456.57058845187896,5.627632213142579,0.008029056264890588,0,mid-value,Lucknow,Uttar Pradesh,Tier-2,North,Marketplace,Festival
5278,27.0,10.05604011707724,357.01535596126786,0.7519505082717429,0,149.95575413317957,6.255851524815229,0.32636604323145213,1,low-value,Hyderabad,Telangana,Tier-1,South,Organic,BOGO
5279,32.0,35.378265242114765,256.3803917990785,0.42358534829478633,0,209.87126523301882,9.270756044884358,0.07717803212264127,1,mid-value,Coimbatore,Tamil Nadu,Tier-3,South,Paid,No Discount
5280,34.0,17.83340762235361,192.68860839384328,0.2994114948165244,0,82.1351347650843,5.898234484449573,0.08451556605227657,1,low-value,Chandigarh,Chandigarh,Tier-2,North,Referral,Festival
5281,42.0,44.61116699367663,430.03235174543073,0.0473842338175986,0,2965.999174845955,2.1421527014527957,0.19071325018830199,1,high-value,Pune,Maharashtra,Tier-2,West,Referral,BOGO
5282,33.0,15.088334432162311,407.82699598771154,0.024777875161596796,2,147.7157316238688,5.07433362548479,0.1188272651190591,1,low-value,Chandigarh,Chandigarh,Tier-2,North,Paid,Clearance
5283,,40.61280792620888,483.14787267635194,0.4300265696455212,1,403.66063396593165,5.290079708936563,0.2774596858857853,1,mid-value,Kochi,Kerala,Tier-2,South,Organic,Clearance
5284,32.0,16.0523547074004,461.9167746338671,0.8833452707029679,1,147.26429637691766,10.650035812108904,0.2185616282506937,1,low-value,Kochi,Kerala,Tier-2,South,Organic,BOGO
5285,31.0,31.157482042366645,416.3966406985793,0.24406277879319038,0,1395.1286153331432,5.732188336379571,0.050152770664753536,0,high-value,Pune,Maharashtra,Tier-2,West,Paid,No Discount
5286,32.0,56.97014160705533,463.49249985163317,0.5740555057818213,3,1128.8931079888675,7.722166517345464,0.3531333815592518,0,high-value,Lucknow,Uttar Pradesh,Tier-2,North,Affiliate,BOGO
5287,20.0,23.497144768929637,373.5975355658785,0.6843058196797618,1,289.83266675319254,8.052917459039286,0.19163648448641166,1,mid-value,Mumbai,Maharashtra,Tier-1,West,Marketplace,Loyalty
5288,23.0,52.66857067182925,441.9337092833601,0.060829867501361434,0,1421.9827886776231,7.182489602504084,0.27487544381518525,1,high-value,Jaipur,Rajasthan,Tier-2,North,Paid,BOGO
5289,28.0,59.22973029102978,271.07833959704607,0.1531003758033771,1,528.3321976002077,6.459301127410131,0.0017740496397067762,1,high-value,Pune,Maharashtra,Tier-2,West,Organic,Festival
5290,45.0,52.61620007950464,435.45588884586954,0.33127679341956706,1,2299.318358714813,3.993830380258701,0.28188001504644167,1,high-value,Lucknow,Uttar Pradesh,Tier-2,North,Marketplace,Festival
5291,33.0,10.786095753677229,480.2626527929014,0.6700931741485705,1,417.26652898864427,5.010279522445711,0.1272824356639205,0,mid-value,Vizag,Andhra Pradesh,Tier-3,South,Referral,Loyalty
5292,29.0,49.35983495257462,279.54778578916955,0.4390351122280969,1,308.7246612281125,4.317105336684291,0.22246683444449708,1,mid-value,Vizag,Andhra Pradesh,Tier-3,South,Paid,BOGO
5293,46.0,2.896814310933114,387.774814848927,0.7341950682182453,0,53.21422406355938,7.202585204654736,0.13397427171958037,1,low-value,Indore,Madhya Pradesh,Tier-2,Central,Paid,Loyalty
5294,49.0,24.204811138259164,286.45962355559607,0.8675978655731925,0,147.57542684578092,3.6027935967195774,0.4483173350890093,1,low-value,Chandigarh,Chandigarh,Tier-2,North,Organic,Loyalty
5295,46.0,52.37326902575396,,0.7583722765985429,2,1841.9556704168297,7.275116829795628,0.1038790416202306,1,high-value,Delhi,Delhi,Tier-1,North,Marketplace,Clearance
5296,25.0,41.63638055283527,211.2605967346768,0.9922472073132491,1,230.30123228645616,4.976741621939747,0.4107868206701655,0,mid-value,Indore,Madhya Pradesh,Tier-2,Central,Referral,No Discount
5297,29.0,32.43168521293481,569.8662387749833,0.7543610687316497,1,648.8735608263888,8.263083206194949,0.41308498432346263,0,high-value,Kochi,Kerala,Tier-2,South,Paid,Festival
5298,52.0,23.88397747987461,539.8527762080072,0.8521791950074505,1,248.1581345371304,8.556537585022351,0.1894502938204655,0,mid-value,Kochi,Kerala,Tier-2,South,Affiliate,Festival
5299,36.0,48.925519841746876,460.61507813410054,0.832366358465001,1,441.54724348108806,10.497099075395003,0.1368014019855103,1,mid-value,Vizag,Andhra Pradesh,Tier-3,South,Referral,Loyalty
5300,31.0,42.863945832945035,675.8293927915721,0.7302657622800466,2,1052.1089309775955,12.19079728684014,0.17146599610445604,0,high-value,Jaipur,Rajasthan,Tier-2,North,Affiliate,Festival
5301,41.0,28.635913857324727,351.61314551474123,0.8018018166558906,2,240.4455075127232,7.405405449967672,0.44520258932630913,1,mid-value,Bhopal,Madhya Pradesh,Tier-3,Central,Paid,Festival
5302,44.0,53.656575895369926,834.7643622665952,0.9346832278674102,1,2374.298535815485,6.804049683602231,0.27845830230192276,0,high-value,Vizag,Andhra Pradesh,Tier-3,South,Paid,Loyalty
5303,28.0,14.56693305129931,345.8705876955169,0.4752073785262926,1,126.80275471671327,8.425622135578877,0.24515110701928736,0,low-value,Lucknow,Uttar Pradesh,Tier-2,North,Affiliate,No Discount
5304,36.0,11.053099040358868,418.27900276340245,0.6382870239125435,0,437.8456852054853,11.914861071737631,0.016163046602742287,1,mid-value,Delhi,Delhi,Tier-1,North,Affiliate,BOGO
5305,43.0,38.92542209568131,320.33331290896876,0.5149397215727727,1,401.08795486569056,11.544819164718318,0.3815293636786616,0,mid-value,Pune,Maharashtra,Tier-2,West,Affiliate,Clearance
5306,22.0,58.34766621940445,435.84883400904573,0.851036987192073,2,1560.3943627300764,9.55311096157622,0.037712455113239556,1,high-value,Nagpur,Maharashtra,Tier-3,West,Marketplace,Loyalty
5307,34.0,15.588137825099448,505.3422391829367,0.4313596028715073,0,137.09415502715825,6.294078808614522,0.021137565165471606,0,low-value,Lucknow,Uttar Pradesh,Tier-2,North,Paid,Clearance
5308,22.0,15.730552357095762,362.9125410420374,0.8197267711447329,0,180.55712004987032,20.4591803134342,0.1236861387530964,1,low-value,Vizag,Andhra Pradesh,Tier-3,South,Organic,Clearance
5309,24.0,9.230432029769204,646.5079770676431,0.7993545750571388,1,148.68294200822527,8.398063725171417,0.21410487227588318,1,low-value,Coimbatore,Tamil Nadu,Tier-3,South,Paid,Loyalty
5310,28.0,51.7732497611443,415.87239269501913,0.9618861013685905,2,812.1656991378887,7.885658304105771,0.40288003200198025,1,high-value,Mumbai,Maharashtra,Tier-1,West,Affiliate,Loyalty
5311,38.0,14.35745488426871,420.5728079165299,0.24892069925741878,1,264.9185643834354,4.746762097772256,0.3555354595872774,1,mid-value,Coimbatore,Tamil Nadu,Tier-3,South,Paid,BOGO
5312,30.0,30.687533076768382,243.65034582294237,0.7096195098859123,1,425.4416921037186,10.128858529657737,0.08893446502762935,1,mid-value,Pune,Maharashtra,Tier-2,West,Marketplace,BOGO
5313,27.0,59.46147620213007,442.7748611825577,0.7569194976474862,0,450.72955977269817,9.27075849294246,0.16743578779227444,1,mid-value,Coimbatore,Tamil Nadu,Tier-3,South,Affiliate,Loyalty
5314,34.0,1.71631315440057,359.8959168785952,0.9362784928046657,1,11.835529325078586,7.808835478413997,0.35110811907849726,0,low-value,Indore,Madhya Pradesh,Tier-2,Central,Affiliate,Loyalty
5315,22.0,33.832679340136856,288.764040599407,0.9069024180555311,1,724.7846201657678,7.720707254166593,0.2371916013610938,1,high-value,Jaipur,Rajasthan,Tier-2,North,Affiliate,BOGO
5316,38.0,31.225053519591803,263.5288387777454,0.5735258617084483,1,167.109900853088,6.720577585125345,0.07852137391083566,1,low-value,Delhi,Delhi,Tier-1,North,Paid,Festival
5317,45.0,48.63939520819913,780.7645069635028,0.5791531858639798,1,1262.6260588502464,7.737459557591939,0.17822484120525003,0,high-value,Delhi,Delhi,Tier-1,North,Paid,BOGO
5318,33.0,21.96161083361384,340.4784124731447,0.1672912284042294,0,1104.7806147908577,3.501873685212688,0.2816711120293681,0,high-value,Lucknow,Uttar Pradesh,Tier-2,North,Affiliate,Festival
5319,31.0,25.210140175043453,161.45218688280983,0.9749627024237711,0,112.0965185246674,8.924888107271313,0.43795155366397565,1,low-value,Lucknow,Uttar Pradesh,Tier-2,North,Organic,Clearance
5320,37.0,10.908340855332955,275.2667810401141,0.25501746270342684,1,222.5284409209494,5.765052388110281,0.2978154246853841,1,low-value,Lucknow,Uttar Pradesh,Tier-2,North,Organic,Clearance
5321,13.0,44.70809866651141,372.264824078568,0.7247362184512921,1,927.6811060213148,9.174208655353876,0.007287823004128624,0,high-value,Bengaluru,Karnataka,Tier-1,South,Affiliate,Loyalty
5322,39.0,47.29782564210075,462.00005489247275,0.7957950048053125,0,475.0234901476285,8.387385014415937,0.3172537244846377,0,high-value,Indore,Madhya Pradesh,Tier-2,Central,Referral,Clearance
5323,65.0,9.063135925950984,463.21947825879704,0.44121550461138104,1,201.01849735344473,5.323646513834143,0.11288916335575373,1,low-value,Mumbai,Maharashtra,Tier-1,West,Paid,Loyalty
5324,32.0,24.21396736531098,481.49218276647883,0.211193720029058,2,200.60514319365996,8.633581160087173,0.3879715113962167,0,low-value,Bengaluru,Karnataka,Tier-1,South,Organic,Loyalty
5325,32.0,53.681394726398295,283.27095400440055,0.18896038421968675,2,344.0591549350447,5.56688115265906,0.17275045870176237,1,mid-value,Indore,Madhya Pradesh,Tier-2,Central,Paid,Loyalty
5326,41.0,1.1597291468714424,431.0660665252318,0.8564960009015917,2,9.227284939156316,6.569488002704775,0.0898267669894351,1,low-value,Chandigarh,Chandigarh,Tier-2,North,Affiliate,No Discount
5327,50.0,18.626785166735306,248.59108038341324,0.5107564867485148,1,111.00568284099478,7.532269460245544,0.21057623392960553,0,low-value,Chandigarh,Chandigarh,Tier-2,North,Referral,BOGO
5328,43.0,33.747494818100314,287.0535525478983,0.0901369820382667,1,170.51948310862252,8.2704109461148,0.11483908844175246,0,low-value,Vizag,Andhra Pradesh,Tier-3,South,Paid,Festival
5329,12.0,20.711537719937244,242.34365382496108,0.7170194727628887,2,187.1336230745074,8.151058418288667,0.10611966982403276,0,low-value,Coimbatore,Tamil Nadu,Tier-3,South,Paid,Clearance
5330,39.0,17.050666161482496,201.7416718102596,0.2501710528050296,0,90.41690512543556,7.750513158415089,0.25796781034807187,1,low-value,Pune,Maharashtra,Tier-2,West,Marketplace,Clearance
5331,59.0,28.142211609289543,539.6314233287013,0.8763947507508792,0,426.1407865157618,4.629184252252638,0.34530582188289577,1,mid-value,Nagpur,Maharashtra,Tier-3,West,Affiliate,Festival
5332,40.0,11.709863378471931,483.29175514683317,0.30957178602997526,0,96.22724897517413,11.928715358089926,0.37572946837194404,1,low-value,Delhi,Delhi,Tier-1,North,Paid,Loyalty
5333,22.0,32.24788921660954,526.4998054967194,0.20027083009014313,2,1094.8475470584058,5.600812490270429,0.17895144171167598,1,high-value,Coimbatore,Tamil Nadu,Tier-3,South,Referral,Loyalty
5334,36.0,42.695059357480325,385.8969599036445,0.08485844355493433,0,414.89592055073376,8.254575330664803,0.03006169361862268,1,mid-value,Pune,Maharashtra,Tier-2,West,Organic,Clearance
5335,21.0,34.94240220508163,,0.5115311366376475,1,348.9601439841155,3.5345934099129424,0.217788749309499,1,mid-value,Nagpur,Maharashtra,Tier-3,West,Paid,No Discount
5336,46.0,6.493450520653323,115.80658930361827,0.4507375878182873,1,27.352140755491092,7.352212763454862,0.19520166466277364,1,low-value,Vizag,Andhra Pradesh,Tier-3,South,Organic,No Discount
5337,24.0,50.82010823576882,509.4631277068033,0.7513121446031429,0,462.9147118688386,16.25393643380943,0.08864052671386774,0,high-value,Kochi,Kerala,Tier-2,South,Paid,Festival
5338,34.0,11.323692411761803,406.56797450075453,0.4646025871930364,1,166.5632155897523,7.393807761579109,0.40326520551485406,1,low-value,Bhopal,Madhya Pradesh,Tier-3,Central,Paid,Loyalty
5339,25.0,46.12390803605659,474.0664400223748,0.34381596892437105,1,1372.9863834868318,5.0314479067731135,0.43836671385931,1,high-value,Mumbai,Maharashtra,Tier-1,West,Organic,Clearance
5340,28.0,22.273341535775174,437.00349485729197,0.2616549156329441,3,242.98588934107957,4.784964746898832,0.02328623461488664,0,mid-value,Bengaluru,Karnataka,Tier-1,South,Organic,No Discount
5341,48.0,47.182919535310035,231.941726819467,0.2781467454699711,2,360.39200882721,5.834440236409913,0.3580858709358446,1,mid-value,Chandigarh,Chandigarh,Tier-2,North,Organic,Clearance
5342,35.0,13.1701013009154,155.294033691343,0.927847901827814,0,306.47665871850865,14.783543705483442,0.29057245107369245,0,mid-value,Lucknow,Uttar Pradesh,Tier-2,North,Organic,Loyalty
5343,28.0,12.013064118030357,273.1918750725555,0.16507860208781233,1,328.9651411525029,6.495235806263437,0.1176463161746586,1,mid-value,Delhi,Delhi,Tier-1,North,Referral,Clearance
5344,22.0,30.32452492683145,464.7375921909368,0.9881764245571502,2,826.6786776985277,8.96452927367145,0.28582025322726584,1,high-value,Kochi,Kerala,Tier-2,South,Organic,Clearance
5345,15.0,2.943224867203269,483.5137122763093,0.32691945519222476,1,27.912525975661232,4.9807583655766745,0.05788943625756352,0,low-value,Mumbai,Maharashtra,Tier-1,West,Organic,No Discount
5346,21.0,14.292542988157669,174.8086583927206,0.08839023541749746,0,42.833241009587425,1.2651707062524924,0.031232928733873778,1,low-value,Vizag,Andhra Pradesh,Tier-3,South,Affiliate,Loyalty
5347,35.0,43.716722878876546,232.8350948797678,0.24869038078786498,1,270.00535909580526,6.746071142363595,0.4470700837735172,0,mid-value,Bengaluru,Karnataka,Tier-1,South,Organic,No Discount
5348,43.0,50.405625220020106,271.5146471088741,0.0584143795546187,0,1137.504283541897,7.175243138663856,0.2863664363063971,0,high-value,Jaipur,Rajasthan,Tier-2,North,Marketplace,Loyalty
5349,28.0,5.766336472330816,326.40424095997764,0.7900297691639159,1,51.02612466630999,12.370089307491748,0.11395018103995509,1,low-value,Coimbatore,Tamil Nadu,Tier-3,South,Referral,Festival
5350,49.0,53.04258485684816,175.69237537210216,0.5125529125411055,1,168.03344983110003,9.537658737623316,0.20251528015669468,0,low-value,Indore,Madhya Pradesh,Tier-2,Central,Referral,No Discount
5351,26.0,48.053515039137565,166.6922350789801,0.3369866188668009,1,161.84894900707525,10.010959856600403,0.4275396820340282,0,low-value,Nagpur,Maharashtra,Tier-3,West,Paid,Festival
5352,31.0,52.31137344671096,256.7247055388669,0.6620496046315625,4,593.1004120311247,6.986148813894688,0.19742628077406438,0,high-value,Kochi,Kerala,Tier-2,South,Organic,No Discount
5353,23.0,42.207284720151556,392.93807543375084,0.6306465259503202,1,1277.0767309223268,7.891939577850961,0.4052000394010549,1,high-value,Vizag,Andhra Pradesh,Tier-3,South,Marketplace,No Discount
5354,43.0,40.77503097034392,202.9108490369764,0.9398720892275902,3,143.29194019522367,6.819616267682771,0.39096413909030775,1,low-value,Jaipur,Rajasthan,Tier-2,North,Marketplace,No Discount
5355,54.0,31.980500767346964,362.6294735042351,0.9612605167483796,1,210.49397918810655,9.88378155024514,0.15487034224087948,0,mid-value,Vizag,Andhra Pradesh,Tier-3,South,Organic,BOGO
5356,16.0,39.51444624498758,538.7829224212724,0.6806837756654053,0,2389.1174831463327,7.042051326996216,0.31320405183469613,1,high-value,Indore,Madhya Pradesh,Tier-2,Central,Marketplace,Loyalty
5357,30.0,55.227470209429704,184.7330393879735,0.8178159272441685,0,191.43186654725966,7.453447781732505,0.2972243267021666,1,mid-value,Bhopal,Madhya Pradesh,Tier-3,Central,Paid,Festival
5358,46.0,6.930798083585796,349.0331362384191,0.7924251003351785,2,211.0072742371126,5.377275301005536,0.3470453417789289,1,mid-value,Kochi,Kerala,Tier-2,South,Affiliate,BOGO
5359,19.0,19.63010419291938,533.7135100626159,0.4913035326998998,0,1099.9277517593562,7.4739105980997,0.16466812392036845,1,high-value,Delhi,Delhi,Tier-1,North,Marketplace,Festival
5360,39.0,5.274843442156438,317.25974144542863,0.7044582880334169,0,33.47127660455386,12.113374864100251,0.023506424324159725,1,low-value,Chandigarh,Chandigarh,Tier-2,North,Organic,Clearance
5361,46.0,56.74350514469827,293.94954637123715,0.07825900768357019,3,448.36442209816033,5.234777023050711,0.07696765850062996,1,mid-value,Bhopal,Madhya Pradesh,Tier-3,Central,Marketplace,Festival
5362,34.0,27.27066249396389,554.524372145971,0.7580210831503069,1,506.7492696769611,8.27406324945092,0.27744915945319165,1,high-value,Delhi,Delhi,Tier-1,North,Affiliate,Loyalty
5363,39.0,40.84532376989512,334.06968815426785,0.9618330071923676,1,235.6908310248511,6.885499021577103,0.3487950841038091,1,mid-value,Coimbatore,Tamil Nadu,Tier-3,South,Referral,Clearance
5364,51.0,50.626083805754966,545.6742537808352,0.08497475312573843,0,502.74947242152626,5.254924259377216,0.34022188554101823,0,high-value,Delhi,Delhi,Tier-1,North,Organic,Clearance
5365,53.0,59.469014636512824,444.34480866907984,0.8361157845918545,2,2907.949841974995,11.508347353775564,0.2626567133017638,1,high-value,Bhopal,Madhya Pradesh,Tier-3,Central,Marketplace,Loyalty
5366,33.0,10.545165009743679,,0.9329800266492713,1,83.49163804874443,11.798940079947814,0.03814116557170162,1,low-value,Nagpur,Maharashtra,Tier-3,West,Referral,BOGO
5367,28.0,48.17124373737549,451.95357958962956,0.2261888898020621,0,427.5854125666293,7.6785666694061865,0.007779882233615615,1,mid-value,Bengaluru,Karnataka,Tier-1,South,Organic,No Discount
5368,24.0,53.357950990067444,428.0674270769057,0.5248111876092038,0,605.2070344664168,8.574433562827611,0.35196379079493273,1,high-value,Kochi,Kerala,Tier-2,South,Marketplace,No Discount
5369,43.0,3.8836472342016615,533.1324231503711,0.9278582254629885,0,32.95598777170154,12.783574676388966,0.24721939538543822,0,low-value,Delhi,Delhi,Tier-1,North,Paid,Festival
5370,20.0,45.49134305094883,297.7481693202472,0.9602260045229679,1,298.98101939982735,10.880678013568904,0.35222044622917853,0,mid-value,Lucknow,Uttar Pradesh,Tier-2,North,Marketplace,No Discount
5371,31.0,21.928793950596468,386.180910017243,0.12788238435231636,1,706.7398951437686,6.383647153056949,0.073254807665725,1,high-value,Bhopal,Madhya Pradesh,Tier-3,Central,Referral,BOGO
5372,35.0,39.26721069675549,370.7726480593044,0.34900422555545063,3,836.7833175312576,8.047012676666352,0.1833404268470146,1,high-value,Hyderabad,Telangana,Tier-1,South,Organic,Clearance
5373,28.0,31.32884356629302,485.6222212459677,0.6981446411508566,2,283.0637294851446,9.09443392345257,0.41362617918508787,1,mid-value,Bengaluru,Karnataka,Tier-1,South,Affiliate,No Discount
5374,36.0,16.32479287311158,226.22312083337366,0.2215584993859303,0,57.41964872079529,5.664675498157791,0.07721909606122455,1,low-value,Jaipur,Rajasthan,Tier-2,North,Paid,Clearance
5375,59.0,8.978060358235176,532.5465572356784,0.3247706286344808,0,411.3960223462291,4.974311885903442,0.02768710671564495,1,mid-value,Pune,Maharashtra,Tier-2,West,Paid,Loyalty
5376,32.0,7.899886752263289,449.9493158255625,0.023291060004693276,0,301.1532385648615,8.06987318001408,0.2940603227017868,1,mid-value,Mumbai,Maharashtra,Tier-1,West,Paid,Loyalty
5377,,7.096048604801011,182.46123895505806,0.1535216809311989,1,25.506780138693948,7.460565042793597,0.26754135327979034,1,low-value,Jaipur,Rajasthan,Tier-2,North,Organic,Loyalty
5378,44.0,38.629612367940084,561.2394238220751,0.5623294944177438,0,2270.3671052662435,6.686988483253232,0.42841372763598,0,high-value,Hyderabad,Telangana,Tier-1,South,Referral,Loyalty
5379,36.0,21.733240232572747,715.1139621196597,0.6530900663041828,1,1585.5732151282448,4.959270198912549,0.4079107894746941,1,high-value,Delhi,Delhi,Tier-1,North,Paid,BOGO
5380,48.0,13.781372854146474,530.2750954324111,0.6489118310958369,0,126.94460242459394,9.94673549328751,0.33724367559925694,1,low-value,Ahmedabad,Gujarat,Tier-2,West,Affiliate,Loyalty
5381,35.0,41.82122046964828,594.0477150839704,0.7783604707782167,1,476.8992180277512,4.335081412334651,0.008620757045213484,1,high-value,Mumbai,Maharashtra,Tier-1,West,Affiliate,Loyalty
5382,31.0,41.524124380221544,392.8057072403882,0.41528141373879146,0,285.368103034471,6.245844241216375,0.21617413578295208,1,mid-value,Bhopal,Madhya Pradesh,Tier-3,Central,Marketplace,BOGO
5383,16.0,32.810929249062866,130.7742620392235,0.2734907162411555,0,97.81104248934497,9.820472148723466,0.4032458714416675,1,low-value,Vizag,Andhra Pradesh,Tier-3,South,Organic,Clearance
5384,17.0,56.1625111950852,103.38193232487127,0.015580700042524986,0,234.79174382644652,10.046742100127576,0.19514298965151478,1,mid-value,Pune,Maharashtra,Tier-2,West,Referral,Loyalty
5385,,23.739439655043856,418.2623065801638,0.2066298260523869,1,168.38086549745623,6.619889478157161,0.4329655738258476,1,low-value,Bhopal,Madhya Pradesh,Tier-3,Central,Organic,Clearance
5386,37.0,50.315915304888286,291.20317884050297,0.31238781220203726,0,,6.937163436606112,0.29361959128979215,1,high-value,Jaipur,Rajasthan,Tier-2,North,Marketplace,No Discount
5387,20.0,5.433225067999582,242.8135582508973,0.17820685648046553,2,59.765143816434744,4.534620569441397,0.04925570739425736,0,low-value,Bhopal,Madhya Pradesh,Tier-3,Central,Paid,No Discount
5388,46.0,44.65003454827176,370.5879974046987,0.020144471496602256,0,286.18057638599385,12.060433414489808,0.22917243383400757,0,mid-value,Bengaluru,Karnataka,Tier-1,South,Affiliate,Clearance
5389,34.0,59.31839741608387,472.3377931791932,0.15744760866519159,1,614.9180867462306,7.472342825995574,0.3130277110403164,1,high-value,Ahmedabad,Gujarat,Tier-2,West,Paid,No Discount
5390,31.0,50.949294760981196,162.08636798567792,0.6660995535675723,1,143.2618832859504,10.998298660702718,0.02941603750782931,1,low-value,Nagpur,Maharashtra,Tier-3,West,Organic,No Discount
5391,25.0,35.2002184392935,312.66835695794225,0.6295854164725958,0,740.7561747506678,4.888756249417788,0.15509228943184536,0,high-value,Hyderabad,Telangana,Tier-1,South,Affiliate,Festival
5392,40.0,37.979197795302476,606.4806024680473,0.9356836393980424,1,379.2095428489423,9.807050918194127,0.3226864783742939,0,mid-value,Coimbatore,Tamil Nadu,Tier-3,South,Paid,Clearance
5393,25.0,21.84408341677986,218.7067429667938,0.7981682913973093,1,115.56886337925984,9.394504874191927,0.07068211303816535,1,low-value,Jaipur,Rajasthan,Tier-2,North,Marketplace,Clearance
5394,,41.08962787722813,510.4641780747435,0.5677561168411912,1,470.2172971296699,9.703268350523574,0.15675295422173516,1,mid-value,Jaipur,Rajasthan,Tier-2,North,Affiliate,Clearance
5395,45.0,46.4533276076983,307.2903857676509,0.13755634749321133,2,240.6893340359329,6.412669042479634,0.31045964511025526,1,mid-value,Jaipur,Rajasthan,Tier-2,North,Paid,Clearance
5396,37.0,59.89548038595338,461.8690639774929,0.5640718189251569,0,993.4311136639998,5.692215456775471,0.34899340583885125,0,high-value,Nagpur,Maharashtra,Tier-3,West,Paid,Loyalty
5397,31.0,30.055312103025546,544.5991260804301,0.061595060914180766,1,340.24225837659,4.184785182742543,0.23333030722143927,1,mid-value,Mumbai,Maharashtra,Tier-1,West,Paid,Festival
5398,40.0,4.616939880633094,491.1922650477532,0.4308848974108528,1,52.33967801731205,6.292654692232558,0.43058588746500437,1,low-value,Nagpur,Maharashtra,Tier-3,West,Marketplace,Clearance
5399,34.0,36.15561909312813,516.3739403320815,0.39025862894719543,1,360.69830928348017,9.170775886841586,0.4163988864595484,1,mid-value,Nagpur,Maharashtra,Tier-3,West,Affiliate,BOGO
5400,37.0,8.022424848947947,207.26096998880658,0.42781380936294167,0,28.51138293122042,13.283441428088825,0.21304667425850332,1,low-value,Coimbatore,Tamil Nadu,Tier-3,South,Organic,Festival
5401,25.0,15.441137569810493,547.0489560111948,0.2798259183947872,0,184.82377334096728,2.8394777551843617,0.07212348455009507,1,low-value,Vizag,Andhra Pradesh,Tier-3,South,Referral,No Discount
5402,54.0,20.398014767038497,252.09603280477702,0.6858304476238237,0,,10.057491342871472,0.3478192037477813,0,high-value,Nagpur,Maharashtra,Tier-3,West,Organic,No Discount
5403,28.0,44.130762515756224,418.93126483573076,0.8409444672987795,0,1130.327223500223,7.522833401896339,0.10941280892691481,1,high-value,Indore,Madhya Pradesh,Tier-2,Central,Referral,Festival
5404,49.0,11.844679308831532,418.73692804958404,0.7685169925989775,1,80.9760896719645,8.305550977796933,0.37926958949959727,1,low-value,Jaipur,Rajasthan,Tier-2,North,Marketplace,Festival
5405,32.0,10.7794238636988,452.76838383043713,0.6277520957908803,0,78.38290098706646,5.883256287372641,0.26421495351979424,1,low-value,Pune,Maharashtra,Tier-2,West,Marketplace,No Discount
5406,42.0,3.6528903074308205,430.5435014090286,0.5383447993330133,0,25.221511497475966,7.61503439799904,0.17734185287898596,0,low-value,Coimbatore,Tamil Nadu,Tier-3,South,Paid,Festival
5407,41.0,52.52115624487897,253.42850322129152,0.03108418000803037,0,1662.095935351703,7.093252540024091,0.2503725113621449,1,high-value,Pune,Maharashtra,Tier-2,West,Paid,BOGO
5408,45.0,41.91682003700758,177.51988815564258,0.7229339986919212,2,266.32074026794186,11.168801996075764,0.23976394580606727,1,mid-value,Lucknow,Uttar Pradesh,Tier-2,North,Organic,Loyalty
5409,25.0,3.356841471439963,510.8523019942653,0.5449829395784974,3,34.143742721807136,5.634948818735492,0.416129780654963,1,low-value,Delhi,Delhi,Tier-1,North,Organic,Clearance
5410,44.0,2.6692460326487604,407.8751866278373,0.2707410506638869,0,21.744470569041297,4.8122231519916605,0.09646337239270328,0,low-value,Ahmedabad,Gujarat,Tier-2,West,Paid,No Discount
5411,52.0,33.96178349202831,552.4065261436726,0.32784203885344165,1,1728.3236555372157,4.983526116560325,0.4176713036482544,0,high-value,Hyderabad,Telangana,Tier-1,South,Marketplace,BOGO
5412,31.0,17.66952967591595,373.2900598718198,0.9356067864697414,1,160.58819313781368,7.806820359409224,0.014103468656934976,0,low-value,Jaipur,Rajasthan,Tier-2,North,Paid,No Discount
5413,34.0,36.2068546754838,169.22534589845594,0.624362245117227,0,434.53374587667867,6.873086735351681,0.3461414766898845,0,mid-value,Indore,Madhya Pradesh,Tier-2,Central,Organic,No Discount
5414,28.0,26.641646365176953,524.9194521506159,0.4759124346575283,2,404.38409309750887,5.4277373039725845,0.41385065882020433,1,mid-value,Kochi,Kerala,Tier-2,South,Referral,Clearance
5415,30.0,55.47544117630502,324.44440855083394,0.6209217397084077,1,915.0740237480769,8.862765219125222,0.1773234859439383,1,high-value,Jaipur,Rajasthan,Tier-2,North,Organic,Clearance
5416,51.0,17.980731882720708,431.3005186131532,0.413742324985657,1,866.542322134766,7.241226974956971,0.03288023414787027,1,high-value,Bengaluru,Karnataka,Tier-1,South,Organic,Festival
5417,23.0,41.069576737894714,282.8810857280721,0.4701822732030162,2,1109.187621098104,8.41054681960905,0.3621003891721695,0,high-value,Lucknow,Uttar Pradesh,Tier-2,North,Affiliate,Loyalty
5418,24.0,4.189204385497352,626.6452565350536,0.2903092567076704,0,44.26047738557442,9.87092777012301,0.3792891850612808,1,low-value,Mumbai,Maharashtra,Tier-1,West,Organic,No Discount
5419,50.0,57.3957715171466,248.51527637252047,0.4398533005916445,0,290.7917235569001,3.3195599017749338,0.15131582459480408,1,mid-value,Coimbatore,Tamil Nadu,Tier-3,South,Paid,No Discount
5420,40.0,58.86469060659278,329.3855368840738,0.6855922324379105,0,325.07483811848556,11.056776697313731,0.23336697855865776,0,mid-value,Nagpur,Maharashtra,Tier-3,West,Paid,Clearance
5421,55.0,44.60540311196833,396.11730540459746,0.03994192508646921,0,529.0226360963003,7.119825775259407,0.3642610806045673,1,high-value,Hyderabad,Telangana,Tier-1,South,Organic,Clearance
5422,29.0,28.447535822250817,216.17265093695627,0.7950274072961548,0,206.7600302003313,9.385082221888464,0.0864193397625538,1,mid-value,Hyderabad,Telangana,Tier-1,South,Organic,Loyalty
5423,35.0,13.97961292030842,429.5779292881393,0.28297954086131283,1,223.55220943531762,8.848938622583939,0.2830390903760715,1,mid-value,Mumbai,Maharashtra,Tier-1,West,Organic,No Discount
5424,27.0,48.93846407462992,621.7865716201235,0.6825597934324997,0,733.8029774293485,9.047679380297499,0.19378379678211863,0,high-value,Pune,Maharashtra,Tier-2,West,Organic,Clearance
5425,35.0,44.44489173167431,306.4306758959434,0.64272531468006,1,520.2523385145804,10.92817594404018,0.07848708851441859,0,high-value,Mumbai,Maharashtra,Tier-1,West,Marketplace,No Discount
5426,16.0,14.095288334095994,439.27142285475884,0.6526280491413053,2,125.67167653033108,9.957884147423917,0.3741480932629318,1,low-value,Vizag,Andhra Pradesh,Tier-3,South,Paid,No Discount
5427,40.0,27.621702355278675,40.0,0.6081289162558029,0,21.082036543466383,5.824386748767409,0.14610637448996702,0,low-value,Bengaluru,Karnataka,Tier-1,South,Paid,Clearance
5428,37.0,28.305137331190316,374.1606199272739,0.9591018380695349,0,187.84453898634644,5.877305514208604,0.4204917520447573,0,mid-value,Chandigarh,Chandigarh,Tier-2,North,Paid,BOGO
5429,33.0,49.75822244838984,333.0436571110692,0.5083441626953908,1,832.4986207940966,5.525032488086173,0.2560202414189109,0,high-value,Lucknow,Uttar Pradesh,Tier-2,North,Affiliate,No Discount
5430,30.0,41.34683637571052,257.2253596384423,0.7323191155153514,0,292.93738120887235,7.196957346546054,0.23152949162313227,0,mid-value,Hyderabad,Telangana,Tier-1,South,Organic,Loyalty
5431,25.0,38.94688506886325,542.2175704442798,0.7054493312345776,1,1126.5933546458712,5.116347993703733,0.1904876748987116,1,high-value,Coimbatore,Tamil Nadu,Tier-3,South,Marketplace,Clearance
5432,41.0,39.339817931233426,331.0634477564258,0.23626757727833037,0,1620.2658572245282,10.708802731834991,0.18030190043533742,0,high-value,Delhi,Delhi,Tier-1,North,Organic,Clearance
5433,22.0,16.957734683566255,353.37837693596185,0.2833058391868256,1,126.63974889367734,4.849917517560477,0.36808482367669676,1,low-value,Bhopal,Madhya Pradesh,Tier-3,Central,Affiliate,Loyalty
5434,39.0,22.93096432994251,323.42106878163935,0.42401709815696786,0,195.7571203418483,9.272051294470904,0.3048753822687567,0,low-value,Nagpur,Maharashtra,Tier-3,West,Organic,Festival
5435,54.0,3.694074840765662,92.47761923523852,0.27769793046320923,1,7.064351839275928,5.8330937913896275,0.3481605590055401,1,low-value,Chandigarh,Chandigarh,Tier-2,North,Organic,Festival
5436,48.0,47.4295270129153,210.20203398845584,0.3667430989299597,1,912.4591951877813,4.100229296789879,0.18948787182504387,0,high-value,Bhopal,Madhya Pradesh,Tier-3,Central,Paid,BOGO
5437,18.0,26.546894695019017,524.1640229180324,0.39096061392830594,0,217.56312430068618,11.172881841784918,0.11764675111623095,0,mid-value,Jaipur,Rajasthan,Tier-2,North,Organic,No Discount
5438,28.0,26.856063068166836,63.50740296800423,0.603864560938344,1,26.797132273657805,6.811593682815031,0.039089348337681885,1,low-value,Ahmedabad,Gujarat,Tier-2,West,Marketplace,Loyalty
5439,38.0,15.476019631083977,265.05269755764414,0.21989004273506163,0,123.78390495122656,5.659670128205185,0.34949519549282015,0,low-value,Bengaluru,Karnataka,Tier-1,South,Referral,Loyalty
5440,33.0,13.356209606106304,320.04199155653544,0.8042918658766873,3,76.1972678275445,9.412875597630062,0.18687439373296685,1,low-value,Bhopal,Madhya Pradesh,Tier-3,Central,Referral,Loyalty
5441,20.0,35.68149384457273,641.5432800937348,0.4375363567715046,0,1143.6966182279446,7.3126090703145135,0.22915061644350734,1,high-value,Jaipur,Rajasthan,Tier-2,North,Organic,Clearance
5442,37.0,14.72062789701687,495.2905648244554,0.7062441116832469,1,149.68756969820382,10.11873233504974,0.21120445583867042,1,low-value,Coimbatore,Tamil Nadu,Tier-3,South,Referral,BOGO
5443,33.0,4.7883222423624,296.42442094203506,0.08144248124081788,0,24.615934220052726,5.244327443722454,0.19401203536615808,0,low-value,Ahmedabad,Gujarat,Tier-2,West,Organic,Loyalty
5444,53.0,46.282937542873,575.6770545673327,0.4699653941243669,1,501.05081592088817,2.4098961823731004,0.3077548096805324,1,high-value,Vizag,Andhra Pradesh,Tier-3,South,Affiliate,No Discount
5445,31.0,23.21169662997559,268.92262692483206,0.02821953217732831,0,116.45824394121854,2.084658596531985,0.2739303520913739,1,low-value,Bhopal,Madhya Pradesh,Tier-3,Central,Referral,Festival
5446,45.0,23.433899450058963,531.3649705601008,0.6759099918155648,0,380.5879289384055,5.027729975446695,0.4374242093899375,0,mid-value,Ahmedabad,Gujarat,Tier-2,West,Paid,Clearance
5447,21.0,26.447778609431687,176.16841311154766,0.34371007699706957,1,86.66974168059795,7.0311302309912085,0.06250675844215425,1,low-value,Indore,Madhya Pradesh,Tier-2,Central,Marketplace,BOGO
5448,,49.087644581077534,540.9886747683736,0.9492528141058286,1,582.9069681605885,7.847758442317486,0.25808369095472256,1,high-value,Nagpur,Maharashtra,Tier-3,West,Paid,BOGO
5449,41.0,19.92937686044921,319.0799531793522,0.3241242146014194,0,467.5856995910038,3.972372643804258,0.02845807353104129,0,mid-value,Hyderabad,Telangana,Tier-1,South,Paid,Loyalty
5450,44.0,45.72413646421233,225.72436385880954,0.5638058980177268,1,830.1873111244495,8.69141769405318,0.36356328841868996,0,high-value,Mumbai,Maharashtra,Tier-1,West,Organic,Clearance
5451,24.0,56.433145605993055,347.4284580385529,0.2573875756946147,2,385.854866899744,9.772162727083844,0.2773400999629919,0,mid-value,Ahmedabad,Gujarat,Tier-2,West,Referral,No Discount
5452,34.0,39.99122355956317,421.6016269580322,0.6201126289473403,2,400.4520659545218,7.8603378868420215,0.19277046719664206,0,mid-value,Lucknow,Uttar Pradesh,Tier-2,North,Paid,No Discount
5453,20.0,26.469183789444454,305.78773542114317,0.4670423501332346,2,224.11707190971956,7.401127050399704,0.36100604458977575,0,mid-value,Bengaluru,Karnataka,Tier-1,South,Organic,Loyalty
5454,32.0,45.11959366565322,463.0930258992986,0.3706282615056329,2,356.0980436680961,5.111884784516898,0.20475117382121022,1,mid-value,Pune,Maharashtra,Tier-2,West,Marketplace,Clearance
5455,42.0,28.015944815331746,292.5509174503899,0.20368934908017988,0,184.2454983339408,5.61106804724054,0.10250374289105123,1,low-value,Bhopal,Madhya Pradesh,Tier-3,Central,Organic,BOGO
5456,29.0,25.45120899538031,473.0558590897037,0.1115213439714553,1,413.51398777556057,3.3345640319143657,0.21262534249965162,1,mid-value,Delhi,Delhi,Tier-1,North,Referral,Clearance
5457,31.0,31.99170665078831,446.33330930548993,0.11987913395667327,0,473.9796043965838,1.3596374018700197,0.03187430848680264,1,mid-value,Mumbai,Maharashtra,Tier-1,West,Organic,Loyalty
5458,22.0,19.745617753748334,370.86154179380975,0.9990400175055532,2,179.6109020113627,8.99712005251666,0.40403749933772437,0,low-value,Jaipur,Rajasthan,Tier-2,North,Paid,Festival
5459,27.0,7.15076276052007,313.7926531451075,0.4123107268572347,0,44.57068634267478,7.236932180571705,0.32893126863050753,0,low-value,Mumbai,Maharashtra,Tier-1,West,Marketplace,No Discount
5460,51.0,25.476268326043748,402.73111936478995,0.001929707873339459,1,262.65820345088787,7.005789123620018,0.34214210379676246,1,mid-value,Mumbai,Maharashtra,Tier-1,West,Organic,BOGO
5461,34.0,8.307555986628813,462.5380614550549,0.9529287906260143,0,108.92687535310672,7.858786371878043,0.39352198680829903,1,low-value,Bengaluru,Karnataka,Tier-1,South,Referral,Clearance
5462,23.0,25.216046939771356,689.2698729097413,0.01997992422981265,1,357.5810678721889,10.059939772689438,0.35620766496678763,0,mid-value,Delhi,Delhi,Tier-1,North,Referral,Loyalty
5463,30.0,33.85908955159357,520.9130632697271,0.4185861255545337,0,375.7482105341654,8.2557583766636,0.1943336656140479,0,mid-value,Coimbatore,Tamil Nadu,Tier-3,South,Marketplace,No Discount
5464,18.0,55.91195969113316,526.3984924723762,0.7174775859706559,1,547.3266963215033,7.152432757911968,0.05338638068645234,1,high-value,Delhi,Delhi,Tier-1,North,Organic,Festival
5465,23.0,3.137117531672912,843.2768292290425,0.9145992443717617,5,280.37585539327284,6.743797733115285,0.16801415099142875,1,mid-value,Indore,Madhya Pradesh,Tier-2,Central,Marketplace,Loyalty
5466,47.0,37.66604598361471,457.39377151517664,0.712886291432101,1,347.6941537446644,7.138658874296303,0.420338121470875,1,mid-value,Kochi,Kerala,Tier-2,South,Paid,Loyalty
5467,32.0,28.00637601235456,452.69652669675537,0.4636257549000118,1,354.343602260379,7.390877264700036,0.4270907210541209,1,mid-value,Chandigarh,Chandigarh,Tier-2,North,Paid,No Discount
5468,52.0,2.1954065640442106,485.6022611482481,0.9744420389841034,0,105.26102214867608,9.92332611695231,0.345541889485708,1,low-value,Chandigarh,Chandigarh,Tier-2,North,Paid,Loyalty
5469,33.0,15.723342380384501,228.65510336176203,0.03931938303327043,0,78.43895078749021,4.117958149099811,0.09199376238212438,1,low-value,Pune,Maharashtra,Tier-2,West,Paid,No Discount
5470,33.0,7.9906298889332925,313.4147545371866,0.986892202538008,1,52.9549974866966,10.960676607614024,0.08750243630887229,0,low-value,Bhopal,Madhya Pradesh,Tier-3,Central,Paid,No Discount
5471,40.0,13.790854598155239,304.0746099961499,0.8493915517084389,0,115.91578860178959,6.548174655125317,0.39589717989632417,1,low-value,Delhi,Delhi,Tier-1,North,Organic,Loyalty
5472,7.0,17.199644364194175,477.14209658293424,0.9289300171263591,0,158.58263898333024,4.786790051379077,0.06386216535500615,1,low-value,Delhi,Delhi,Tier-1,North,Paid,No Discount
5473,36.0,24.67707378754958,353.8738156668202,0.25477242409753664,1,372.69103458463087,5.76431727229261,0.26286186479962015,1,mid-value,Coimbatore,Tamil Nadu,Tier-3,South,Referral,Festival
5474,33.0,32.21332421584453,400.73351382114544,0.14245807228426977,1,729.7134249295174,5.427374216852809,0.17021325702558052,0,high-value,Delhi,Delhi,Tier-1,North,Paid,No Discount
5475,48.0,1.0584096416567799,543.1181930222697,0.6633152793727001,0,21.871858298057905,4.9899458381181,0.13590495358252944,1,low-value,Bengaluru,Karnataka,Tier-1,South,Organic,Clearance
5476,43.0,10.550292277095707,509.47261080562083,0.51585943798612,0,180.49926419200125,9.54757831395836,0.3048219115546412,1,low-value,Bengaluru,Karnataka,Tier-1,South,Paid,No Discount
5477,22.0,6.5204167509192414,355.7418495438129,0.5231679607443794,1,49.890971761285094,5.569503882233138,0.43180608449337204,1,low-value,Mumbai,Maharashtra,Tier-1,West,Paid,Festival
5478,46.0,33.43073055650188,279.5007354682666,0.9246191784832176,1,171.0578607185312,7.773857535449653,0.34993518220813435,0,low-value,Delhi,Delhi,Tier-1,North,Referral,Festival
5479,31.0,20.41541735367492,550.2912097479783,0.6200809066532622,1,235.15476723906792,6.860242719959786,0.21877316689569928,0,mid-value,Lucknow,Uttar Pradesh,Tier-2,North,Affiliate,BOGO
5480,24.0,33.355466426048366,496.0836771364799,0.3110638351045899,1,1033.9500369652892,4.933191505313769,0.19832017869099738,1,high-value,Chandigarh,Chandigarh,Tier-2,North,Paid,Clearance
5481,35.0,14.087574828305993,139.06147725569267,0.40006655641787603,1,71.85536563325329,6.200199669253628,0.40844888474507407,1,low-value,Delhi,Delhi,Tier-1,North,Referral,No Discount
5482,,2.429531891167507,,0.13349583509185126,1,53.20111610794708,4.400487505275554,0.2601481943131893,1,low-value,Vizag,Andhra Pradesh,Tier-3,South,Organic,Clearance
5483,49.0,56.54064717494456,404.82731930251435,0.19231404027568932,0,498.7183636827212,11.576942120827068,0.22348756037978787,0,high-value,Delhi,Delhi,Tier-1,North,Affiliate,Clearance
5484,37.0,7.390179150150647,496.8244575681547,0.1433500702095385,0,179.34931321533892,3.4300502106286155,0.3072761412891404,0,low-value,Kochi,Kerala,Tier-2,South,Organic,Festival
5485,36.0,8.484666129741292,516.5152242409657,0.8102913412113545,1,120.61707954950786,10.430874023634063,0.10671921770828689,1,low-value,Coimbatore,Tamil Nadu,Tier-3,South,Paid,Clearance
5486,43.0,9.64626276409829,422.58590017632105,0.7048734679721188,1,78.53881484412966,6.114620403916357,0.028680969408695856,1,low-value,Indore,Madhya Pradesh,Tier-2,Central,Organic,Festival
5487,44.0,58.89531491560309,467.7871297038284,0.5303450176108518,0,616.4964559184473,6.591035052832556,0.3848001482184048,0,high-value,Indore,Madhya Pradesh,Tier-2,Central,Organic,Festival
5488,41.0,37.44195417002977,389.62052035672303,0.37436783362757076,2,627.9718560174958,8.123103500882712,0.2732677653147556,0,high-value,Delhi,Delhi,Tier-1,North,Marketplace,BOGO
5489,48.0,37.00710715052718,278.9222467729159,0.6684942903243505,0,411.1004769104503,9.00548287097305,0.07419469555128097,1,mid-value,Hyderabad,Telangana,Tier-1,South,Organic,Festival
5490,40.0,59.215193889593245,340.8103413438119,0.812905347695761,0,464.4989577748491,11.438716043087283,0.13412156692533625,1,high-value,Coimbatore,Tamil Nadu,Tier-3,South,Organic,Festival
5491,35.0,6.217887387204631,382.84867799601625,0.881233215671709,1,63.14851195209831,6.6436996470151275,0.44547008066528887,1,low-value,Pune,Maharashtra,Tier-2,West,Organic,No Discount
5492,46.0,58.495552659995056,374.7981124972115,0.5470162282063336,2,1926.088448019456,6.641048684619001,0.2854906346086449,0,high-value,Mumbai,Maharashtra,Tier-1,West,Affiliate,BOGO
5493,33.0,13.036775646688413,97.16406433347942,0.8198851218197009,2,22.402508973608896,12.459655365459103,0.2862504634352051,0,low-value,Kochi,Kerala,Tier-2,South,Marketplace,BOGO
5494,34.0,37.761218710160094,320.3774997605853,0.511305953412695,1,339.51391343118956,5.533917860238085,0.03247364844392491,0,mid-value,Kochi,Kerala,Tier-2,South,Affiliate,BOGO
5495,51.0,25.78493035286471,388.4308479633728,0.47453008918789086,0,299.62591570041326,6.4235902675636725,0.43604628040976934,0,mid-value,Mumbai,Maharashtra,Tier-1,West,Marketplace,No Discount
5496,50.0,23.653156995153516,337.7945012141449,0.8654318556221002,0,462.2973728591949,5.596295566866301,0.4017523003014243,1,mid-value,Mumbai,Maharashtra,Tier-1,West,Affiliate,Clearance
5497,33.0,55.94335638028829,342.97643067326214,0.386373936264664,0,691.8586293744012,4.1591218087939925,0.24650209901844922,1,high-value,Delhi,Delhi,Tier-1,North,Paid,Festival
5498,,9.80443597797513,453.1987056206881,0.39591267904070226,1,175.431024118939,7.187738037122107,0.1392250124028931,1,low-value,Mumbai,Maharashtra,Tier-1,West,Organic,BOGO
5499,48.0,59.82707165349837,218.15642194270492,0.30491134528491615,0,604.9603474448954,4.914734035854749,0.31412485277374125,0,high-value,Chandigarh,Chandigarh,Tier-2,North,Organic,Festival
