distance_km,traffic_index,warehouse_load,courier_rating,delivery_time
12.645500145394264,0.23237794249398575,0.7681918027685598,4.172999470040254,30.175996063931613
2.8200625064181657,0.38783435070188105,0.8154799335308026,4.664087179989683,19.017667848692575
50.81764700703998,0.9794888613326944,0.752964197611341,3.9332792898162703,72.11602582817213
26.964120092351326,1.0966717768644931,0.6031825065208286,3.867877466768951,49.08001826187731
4.585976825456812,0.3279622965578081,0.5492771103011508,3.775327845670578,21.349995088727745
35.10369381479275,1.0453826082787467,0.7801205827613175,3.3432671713672617,56.842631504607475
23.237864665961972,0.955472435852299,0.9886742487518647,4.793496831360216,44.8474871864615
5.73187730024933,0.25222410036391113,0.9496824937021542,3.839685336522547,18.048839934289344
17.939562706805006,0.931389551372364,0.5259155648536462,4.104561896388836,37.60770351134028
20.283036275184735,0.23837923102201003,0.9056542675223259,4.823194439084187,34.31517653030883
34.9193938984134,0.46258303129191863,0.4126646252975266,4.143245185700443,45.10584473480883
24.796678742501953,0.7309093999604472,0.7536693016524602,4.405761769203201,46.78152143102746
7.312538492248986,1.1092589369925614,0.9582016741200162,3.631762965769963,43.63675262171813
38.48478971176079,0.305351787669538,0.9756012567929949,4.759341790629073,53.347263937546124
43.99915210715189,0.5483053603901471,0.7618347477894102,4.1513607820240646,60.14216340874871
30.930875362592076,0.7769168486008486,0.7784885633775518,3.7926822599793724,56.61128388244763
4.737693859721165,0.940205253790424,0.6339439450620712,3.7923904053393667,22.629427025772166
7.090262843485043,1.1153886417078318,0.8341830687706638,4.875990347788084,35.56331112868489
56.73410687750755,0.6688501176656205,0.5474251587370808,3.965529170812176,71.03836565171382
12.172556094750313,1.040899458844324,0.4203227131685893,3.8013622094837385,43.055015926649716
19.142178835060612,0.8170216963673738,0.901182316065531,4.026772215657659,37.926573408666
41.5633092317844,0.4040539713505084,0.4362173378557907,4.218148960336554,56.156872219828955
47.71830134276125,0.7795876156300852,0.7988246630872708,4.260727776527192,61.073455257406316
54.75011629685104,0.5138176084744341,0.6621585253064235,4.377743039507641,68.40356581104417
24.315959531779967,0.9036424155065377,0.4259541544115629,4.293904415722457,38.601193239518274
59.54522824743463,0.48454087732734247,0.4958895106674663,4.458855486052306,66.42796264455372
7.129541394542029,0.4628441569805845,0.460431452616492,4.090901381425511,25.33630176022161
49.76552110486714,1.1453632864937566,0.5286432297885533,5.0,65.09089221781888
17.054263020468234,1.1086994464328945,0.7811661714270791,4.004623940845783,39.08774438709395
56.288364367362,0.6517452210510244,0.7423727240017846,4.740957508656625,68.60962053040315
52.28258227786292,0.9654674729024371,0.6597616141138828,3.96039505055426,79.11472789076329
45.973965808857436,1.1820625157660183,0.9058320902287478,3.6288930821937413,78.23253598863113
36.6210998446528,0.2886251194915684,0.8518467494458742,3.533164539901698,57.33988322250495
13.652923989122709,0.8061652495710503,0.8096242092607903,4.32158029996,30.335223121854682
28.25359627142993,0.45349753664646514,0.7593183409958257,4.664783596656394,46.989450474222046
3.0523636600835387,1.0000150391614313,0.817665887323199,3.739591437917528,24.50772696402661
42.85481085401338,0.3014108631269024,0.535956324546626,3.849002212980303,52.33599785174356
7.8368767797391,0.9888104614698365,0.5558930339134301,4.354451284369893,25.535985202520607
16.239005779264723,0.40060932768329055,0.5788691846237536,4.198983201998624,26.553935978984526
15.457925907456977,0.6560193590110299,0.8446376360967817,3.9657410850561425,34.311418981224335
47.48897069362724,1.0138207809229534,0.6593648107102582,3.6882950794991873,68.03420800887675
24.63822079641313,0.2674634871760975,0.9757022896707758,4.323630241601727,39.00556561817595
32.537917678277196,1.1281697750672812,0.42412111935090535,4.461172580799594,43.249444766283744
13.30849481232665,0.4173483618218083,0.6299000786248194,4.396699785356001,27.084806810831086
20.712024731330878,0.7007280928353268,0.4928360969683644,4.210605436801531,32.87623284187608
31.202037641338904,0.9345691654629238,0.8897924114229895,3.7777180624474362,52.614916044060564
12.45802948064655,0.32349709520791686,0.6877652546196086,4.325821848416553,22.079925595499375
41.6989375847439,0.8087456339169459,0.77201016704249,4.295931261692149,65.16237720110118
27.506775319023703,0.7155674372423584,0.7587697614088609,3.674713940131991,49.993013245879
59.035374588005745,0.7858342287688391,0.4474397222443853,4.079063381748868,76.23024185032969
15.545293397921633,0.862495313680661,0.8702429096308093,4.346572135596691,33.63798806484011
24.367516406991353,0.620628037956773,0.8931860724631308,4.168703854360134,45.849659156856795
55.555110078442894,0.49876920991758306,0.7644635773608365,3.4157862857510835,81.11271204441145
53.27384590903437,0.38385347256820207,0.5685684060460143,3.9438584739552702,66.71229005933458
29.56601804242796,1.139065988207637,0.8344550952717562,3.917249359003769,49.25047981028994
8.292020239913438,0.6013757890805471,0.8203994730554915,4.4237175422544635,22.15948188301898
25.118101374698774,0.48222433752751354,0.9475233439627321,5.0,41.23877009669093
35.65250668635557,0.2525466614159784,0.4704001229743436,4.253586081308853,43.822557329312055
15.9995191221093,0.9512064230437864,0.9458822308070206,3.7208130462726143,37.47996055347223
12.276839809031497,0.7277456291919486,0.9322432207908276,4.135797589669857,28.906957143347064
32.354822089556386,0.3909642075362521,0.5785164424679583,4.204253862980408,45.52976145958158
11.385415534567155,1.093373841019668,0.829718659746593,4.502638158961947,28.606134263157383
52.5975495318967,1.1337806146546954,0.5582248937948155,4.696848768785673,73.80045447609504
5.380211498607351,1.0806763111716537,0.5410574924863173,4.756407134513992,26.003521565123847
59.25663985328693,0.7609710382483363,0.784920961598325,4.414891681383814,76.15447351597533
32.73863759075502,0.5732797545521271,0.4300200005412029,4.199682950021704,42.90435921602064
59.03017691175413,0.3618857365830523,0.45788635474548833,4.793360802263667,72.59863325032902
45.33944698538242,0.5772433125557721,0.7960861737913829,4.06099912031351,57.448838844702536
10.020987020076975,0.8121706299181604,0.9711215146453356,4.221791826635385,32.10387950555784
14.41881414034705,0.4265533698437249,0.4204232664599581,4.102625158174321,29.885348711864474
7.3098673270138415,0.6639627218969919,0.41375106416920554,3.3474833285468018,26.423260602952062
44.01603224019294,0.773092869755104,0.44486301268467787,4.708702877393879,64.39763980034421
10.950849899432985,0.9314344888986641,0.40099867257903365,4.470207683338453,24.610613042255792
43.16020199720396,0.2913511163359635,0.9569874730581871,3.251996171907829,57.392388828387126
51.710410947123584,1.0669962603308305,0.6844251753091068,4.600701633290743,71.49194374053948
25.29115219187344,0.6560744078742768,0.8152681287639383,4.078625078122195,57.07067028452046
40.00121308416249,0.7819310495576577,0.6498321276998734,4.595418414298353,59.44432315071029
53.81655112343828,1.1403167814502047,0.9983470069156241,4.230316031901375,82.74337515221602
45.434410995427605,0.3679787133829486,0.6879588317277228,3.6570643007308914,63.215498455165594
8.714876553519117,1.0844860215440895,0.9635595318353902,4.210541407041767,34.22098360970362
18.258221802318605,1.0044304245358782,0.7897662706600898,3.840619029788962,46.60419604817305
32.60261938122604,1.1940273663415464,0.9686429124587136,3.7108459903415003,53.63032573882784
16.591879008968178,0.5930422845653054,0.6970850548801015,4.54681160033156,32.96812503850767
30.84950440433313,0.3268471064607686,0.9273280566604087,4.356618239915208,46.381366528648265
57.21701442358612,0.21417615381866612,0.6003320362335123,4.799027510939884,69.69580304135044
27.73685690160827,0.99259588804147,0.7967190258723629,4.042246005560141,46.43964427043856
16.438521098805047,0.33659619245420663,0.7703108763131725,3.81483864126227,26.862756058155504
9.648142047961452,0.5060121177006283,0.6921016928392764,4.455521766677056,19.90718282376079
54.1647526785629,1.1873150375528951,0.7008895612524663,3.866527214534953,82.24982655840202
14.557798156975704,0.6420949489772558,0.5020726783632303,4.075922058239562,32.94224817678889
12.423585806727987,0.43120570320663426,0.9436162681005671,4.410038174050357,23.83143080868009
33.51709963626627,0.9532335579371465,0.6725258861123837,4.149621746279934,62.70348000951452
28.240952061589393,0.47155368426020133,0.490881490210395,4.004507608749608,43.408583232518026
23.754228593315723,0.7310218753516362,0.822597103242652,3.6389351481061216,45.507264891224644
35.1404492752564,0.3573319874425605,0.8362966589172657,4.5747565622849145,47.15501785650521
34.59494731439586,0.6608329243823199,0.4270703283262882,4.0526292562117865,54.37387285537394
5.03574857179441,0.30861771004208544,0.5996921312913898,4.4472371813371945,17.54688829668653
25.480201066878067,0.9730947147778755,0.7505564064039868,4.39439703206468,54.53643884704388
43.538210346817976,0.5651390204737996,0.8929495411722015,4.6365148185049385,54.61740348274229
23.519069668103864,0.5188036920410195,0.5863631029259375,4.105772661015181,32.33440363300251
59.86190151031378,1.1937858051870138,0.5797929704625842,4.060912492359031,81.46002625000726
14.887718597283548,1.0297025263741533,0.8419407792939686,3.756692607136195,42.26211713035087
30.28549288784718,0.7539252554304361,0.531522643485036,3.982939676795927,46.9084527162826
40.761827550820364,1.1442122367443741,0.9375992192378588,4.33646538434838,71.25047532188775
33.32389844260321,0.4113987314664718,0.874249330989936,3.8731782177122462,48.07286998772339
3.3053141936276718,0.7734854315680095,0.9358331861311646,4.326314791549642,27.87047417652273
31.30630503287995,1.1290572538560297,0.612247431316765,4.786916809925479,49.32158414968695
58.01920298063707,0.7697065298875212,0.4994415605539002,4.021915103522692,80.94669449449908
24.993169106755012,0.5079897827665147,0.7510346490315114,3.6742521963653827,47.97899870177018
7.8545538444556975,1.0116560124380227,0.5139813798441044,4.034639539079847,27.235225723071366
2.2542459932373586,0.33881012685608275,0.5596678957934756,3.630936006192667,18.16523388109432
25.323624324485756,0.3520002981578641,0.6403405615704092,4.733689414401464,37.23695913300509
11.932512298295121,0.9311248899529008,0.6776370865242323,4.23394053430221,34.95975648103146
50.24722605262716,0.26933184951304695,0.5934479875284088,3.908618506500542,67.62959054273033
57.183190943567375,0.25063078275342726,0.5708319628650472,3.9760575277593886,72.66449047951502
56.49127428764992,0.5790747214770791,0.548036173623734,3.727154770475742,75.44598298387474
23.09724251396791,0.5979064975347512,0.8140815413671513,4.604456071449335,41.7031172220996
27.830666587606487,0.6696503166693635,0.583527054356493,4.9348784840310405,36.94131185877484
19.58970395486803,0.9407321544429628,0.8166386880905014,3.6023628788667694,43.70447524207103
8.614094938831785,0.7688529562923556,0.8457308459385465,4.617304382377036,22.731570811505797
33.98328933764274,0.9135485772625964,0.8285379238288464,4.101659705199857,56.144288075325775
11.986109899049744,0.24989454669518502,0.9486623997651472,4.706996141655179,28.118019345691415
4.505083655270163,0.5157032531275452,0.9726913980132719,3.4664687383793837,24.37291273995352
51.11656622306154,1.1664069125188519,0.4881163633802718,4.290157879831308,63.82516427816903
48.11244353303242,0.6277652523521358,0.5923522728096797,4.036840209153345,60.73148274848927
55.65066292607016,0.42249167119906855,0.872600017982697,4.463635618307873,72.37537434373459
20.316940278302802,1.1920861935266174,0.8690818887948473,4.224456750888801,44.14766666480051
52.37251217608509,0.6113181400234031,0.4425658254758937,4.208902405234074,70.43314353585566
24.508663871412466,0.6787818543109427,0.9772222547432986,4.15760537501523,39.471708173652
5.29398623146488,0.4237971919291776,0.913722743781161,4.824919549099389,20.26286209961438
28.012625187367192,0.8563530738832474,0.9395225032944758,4.130010513886797,51.850962233970876
33.67338302945161,0.40723007323883326,0.5226308770187489,4.545713298945242,48.282627490112574
26.49345861271805,0.809923569664573,0.7005519791831885,4.451405335591062,42.53549447773429
47.34071611053628,0.9574392449703886,0.664325326399878,4.555523642750724,70.56998282819872
21.75783880526559,0.8523978324612369,0.6161792176937487,3.7940998214583224,48.75154965779937
55.34259998932277,0.2903822694394436,0.5364130880448341,4.482869226534033,56.382023841228474
5.375639006290809,0.27977409638275214,0.4837639383484213,4.334747774482078,15.714018044341522
43.504032970677805,1.0423515474236333,0.9223050560622307,3.724217386438328,62.2929292203731
55.80970078060873,1.1045591017676166,0.7182613885785142,4.115041715732581,76.45792809169275
33.63657028501423,0.33566036842237407,0.7604959726042395,5.0,41.04498950530936
52.84201952090567,0.5754601872585945,0.5569606970965888,4.043277424099489,68.37991122974343
41.81804000495998,0.8540668613288418,0.9610318487550916,4.052940093816468,65.82707282861698
1.8572307523271288,1.0354809515627805,0.9618259893609015,4.380284039699118,29.375685244076184
40.603434020425325,1.1089852090284764,0.8028700543627845,3.9836517854834055,66.86262145045097
39.73713791205962,0.8986827553998042,0.592331789888103,4.256181270604959,62.262894804799046
1.0016204251859206,0.3474745182990206,0.5397065024468292,4.020436347869402,9.258686545098518
25.140482934666693,0.968350960915789,0.7571627936691276,4.360954444524839,50.96083111173769
3.289165606652541,1.059024933832035,0.8997274556562571,4.175245125801856,14.616958305646458
18.286929052345354,0.5513059702953276,0.9801902801313876,4.98079711824581,39.54052309853649
59.208366257422135,0.6941526784803778,0.4409142428675993,4.218402783801098,80.63729369008956
56.47676680944152,0.366382609112578,0.6005179034842872,4.110955631299782,72.42162027532943
41.40669703871088,0.5045194996445164,0.6346896289074405,4.611774500060386,63.687450116230934
22.64427310536735,1.06979961510945,0.6214152245658132,3.6435662126564217,40.00361857132828
24.390663869312846,0.2888472307817151,0.8006657175743881,4.876689015869872,38.0884824578133
3.2546665519151685,0.9624231229009552,0.7283238913243613,3.804607705282584,27.051155066264318
20.95881017297043,0.297637074064012,0.9348245002430228,4.676979047925734,34.27641630775915
47.27868735208374,0.4926204155070519,0.5335307221859941,4.7826438972041245,54.5165548853756
31.641824266797286,0.7824124058126181,0.6395990732898151,3.9896774871679273,52.68815027115283
29.123988787473962,0.20331338724738351,0.7246958305068073,4.0281148346597515,42.33613869320291
6.3747773187763865,0.8753724924068533,0.8900780516911951,4.156328794384738,25.55500722684341
55.22102815122363,0.5161951681550663,0.893943790952053,4.44861855530227,70.86042837172913
17.70131994486761,0.948570310028148,0.9156233374050585,3.8007767443752303,36.82993356561875
23.5912657816926,1.1752367546799631,0.7114808366634391,4.156309533391685,46.89626756242678
20.511881309040305,0.6164890910520098,0.5449596507417209,4.074630092467239,40.539511517851295
20.395312047795557,0.22999589452360475,0.8357533101442396,3.739475029070699,38.30059242958929
36.36011333031254,1.0488915768304097,0.9728041149869923,3.781998290896466,65.69203668592301
37.99490825197352,0.4745783490399677,0.5711797987500812,4.251298771125748,55.59926741529022
36.31516422832455,0.34861648413376384,0.5190288915577902,4.244210141534456,51.868121965646196
5.041389494774429,1.079211982059286,0.41348550376061144,3.894409110141354,24.8401368186506
58.20271146402073,0.43252970318921075,0.7998807187628525,4.2316968112961835,74.40454061928796
43.125274067877406,0.8052852917484212,0.7270090501309981,3.9412188957362266,68.04118427526934
53.08099233097646,0.45398364530776564,0.4808286179765217,4.722836404464871,58.75438658505371
10.42049021297723,0.912458194983341,0.519709430960228,4.158807246698304,24.735767831582375
55.99437613966393,0.8487465921594437,0.7973335493402771,4.639013993851385,69.45901776782559
43.579159325307735,0.7091682133374955,0.661610493873346,3.5229241532409117,56.66639273247627
30.54222845170883,0.7550249037095214,0.5399385468476429,4.329106329832391,43.5370498158727
2.3648182304586483,0.4272435307070615,0.7634939322182357,4.438431503107817,14.054300240766558
15.937960434543305,0.22192680408605264,0.4315994633003642,4.144846652233148,31.608390719775816
50.4857407333133,1.0007089045041901,0.40972168838787715,3.984458616613986,69.66821505721903
23.371720280533456,1.0893012848381767,0.5565266410631542,4.138446219534806,39.967581840025666
41.018326915532846,0.9778692912171227,0.5737112503869032,4.4969860702106015,61.64977808553001
44.11678876851357,0.9079249366028772,0.46262105419535055,3.7157866918843645,64.30497686905952
46.763332767602044,0.6719241281969599,0.4689197987031974,4.480195921762973,58.64349572634762
23.558784695049493,0.7839031029822721,0.5006818177056683,4.327346282428235,38.53823618356876
54.68016931480508,0.8916272054389744,0.8347652684884036,4.095683015320032,80.93977223591477
18.239797586000265,0.22622816685257413,0.8836994665428112,4.112774937728188,25.558637296097007
50.327811300994796,0.623670534189068,0.5089629734091814,4.224744068953551,59.17225739708233
26.059251153866352,0.42468650716004824,0.7940620470340216,4.8634478286619505,40.40857160069172
14.819502322672093,0.5644490921463596,0.5401915014917783,4.339200977829669,26.860044722348675
21.263511739241398,0.9492317117488489,0.9280351584990116,3.8229231382228517,51.87760717437098
48.17424288956799,0.5633863498077727,0.5613566704650104,4.025880734496927,63.28335309126701
37.27736347908275,0.939094746577597,0.47786284772402166,3.7421687349105337,58.270649014225704
9.064043842665694,1.1718314877055391,0.663487587659082,3.4440846854097993,39.20600886819922
8.314068324356839,1.1233827903109805,0.4925277192108316,3.735144889370164,25.727473485457114
41.54484760153063,1.0277248557738057,0.5190201100186489,4.248030545133087,64.04837349381236
15.130044146065558,1.0529908093798446,0.6034376975385297,4.709582978992998,34.14996614009401
13.310909610138603,0.5939323195553547,0.796432311895189,4.5983093595093525,33.21413214533242
45.220604248443664,0.9315823866277726,0.4701124652799967,3.7378956857249848,63.88380121162283
20.03656670085832,0.8670136571657432,0.5704654081831241,3.88093999001828,41.29201426059828
5.030010335758915,1.1828921485123465,0.9150187768619793,3.8245264507080545,31.17393241328689
26.065257423435696,0.774898507927968,0.5642616203481732,3.1673562217786695,49.429519155370265
34.581543550435995,0.6297660894329566,0.5010680992291661,4.132943618983706,49.43585811349023
36.48786262336281,1.037266840159054,0.7201698636900499,4.521301981944362,59.27547204342313
4.451819078379977,0.9495733487742226,0.4199895278687189,4.099043845193355,31.352073928078728
27.759999269934966,0.3248617086010273,0.8823706999414448,3.692873379350996,42.41565436322013
22.214157604157716,0.7962801891206439,0.533476978867664,3.8619407003451616,43.19062434499421
27.487150421125026,0.792306674476082,0.4797148026632687,4.068461280167194,54.84370470975122
3.4601408450059887,0.8316248546453446,0.8849216579117082,4.508088006379685,25.07845047624938
18.44080771943736,1.1414980896332896,0.9056529476205263,4.126872815243735,34.5805859928532
38.964053786361525,0.8020356214899649,0.8408389068547306,4.453963722569281,55.82449983638728
8.429065325705306,1.070018855344803,0.5407581218192282,4.167463464666708,25.793517556614972
57.594002940562994,0.5583808148598655,0.71619334258195,4.294715592412647,77.08103562030067
59.64073425639715,0.2573789546459497,0.9814396044881416,3.8239323459219206,74.3550762160511
22.266095712157256,0.575222739194011,0.6866596593498167,3.925662078512454,43.640086371694544
41.176370743262154,0.7326694077760849,0.9697838359966287,3.6976761336433692,65.72659001449951
38.48526784916523,1.0333213778145902,0.8058210300980124,4.440662165348181,63.47915869492858
10.862724123933742,0.8318488086448999,0.9069975163469386,4.083525948069151,27.672020334662545
23.903452458957386,0.6422020690235806,0.5154400057440727,2.7609477133204745,46.8586229504193
58.85813126158926,0.661872607748583,0.9560409049415636,4.392461766959144,82.90937767987707
8.532781766401799,1.1966572786334504,0.9120066846256155,4.5896565103601095,27.81784654853565
34.93542954186157,0.3413438380902714,0.8710297936652692,3.875315782718801,48.979272957525644
36.35166390321498,0.40551607784275884,0.9647338512140282,4.3921139862839444,52.827302394615046
10.884000230223123,0.8252814936879518,0.8733273136240604,4.116108914195612,32.53691485052201
32.57964063427848,0.9014054856523059,0.7460482670996136,3.3528718122539103,62.43295239931307
55.13026351517158,0.5949792025162635,0.7892141227131516,4.981187039899373,72.46434617983454
7.823716494822479,0.23213180776442283,0.8925365615911076,4.118512148020629,22.530892773680534
12.19483667524206,0.7220119449077615,0.8494947509907799,4.280566326701626,34.537891201127835
16.082086293131464,0.3443601475910025,0.7550749247357935,3.950163596497977,33.42023841340607
45.30779549143817,0.25604831153789337,0.7588476051964144,4.081787931541583,58.082423758704316
35.05783365474739,0.544759633289408,0.928169272227315,4.2646649610675285,50.83604528069921
30.709274611541147,0.3356527179563396,0.40594696854941936,3.7829841394541477,46.97083556740373
47.731788403855724,0.6389969627969747,0.8307721494783823,4.877585885213337,60.44928473321643
58.71776155090081,0.9616944636614018,0.7393965904916942,4.535258703177627,79.19474026996288
12.561525029598036,0.24704603665774943,0.9029763957534188,4.406731415759831,20.290509898452196
48.91097471087287,0.6998915096685141,0.5232621778520568,4.143287070575203,68.79748894822603
22.835213872089483,0.6969804126758135,0.7152061394437559,3.8955125126097614,46.89518037655133
9.613482201775687,0.20177536848572303,0.4765865875761114,4.612035845298277,13.890125252470488
16.134685954740007,0.9382510742128338,0.7956248039071526,4.444277364640418,36.668886354090446
24.558492502396685,0.2897359088821327,0.8582607152907852,4.040231035146681,36.56154855867876
54.050492637691804,1.1320553315477635,0.774119483071517,3.7661911539898645,84.43773985961484
29.22616234056414,0.8393645196065533,0.7328627678480181,3.5696389320138064,57.28145467526469
37.24388069344555,0.48781613176701627,0.6060273757715182,4.2114288855904185,49.65912309304418
2.9608334510921637,1.1252810133142175,0.7838705702062672,4.100430343338709,15.485655107307375
4.776395991203999,0.6004605211484144,0.9397032617407111,4.67424981501735,26.01209617428421
56.36162540340665,0.46026058239438167,0.8328509691402316,4.596881810286298,70.72652364438616
50.460750957498924,0.5845007564242044,0.4137718245870094,4.215557722352983,64.98152620489294
29.888798390105226,0.8115869410493199,0.705232855337194,4.167552120820755,53.456068300121544
12.823497266507982,0.9235969870091081,0.8418501666826937,3.739165097114172,35.10365731577184
3.3703616484679735,0.861822027574418,0.7024978167407631,4.624391003243308,19.646883337727928
58.54558226056734,1.1212366954993833,0.7548100273133392,4.177308042977954,81.4831543861102
1.3346649849476595,1.156171249840873,0.9469506453652571,4.442112392267684,28.558669249755624
15.021219334402536,0.397062809222334,0.9243700386604349,4.670721648570203,32.219032190147836
41.35027540134848,1.1125424013732732,0.44878864481269,3.973756967119093,70.69185501187674
56.33599711639419,0.3066818657543963,0.7063319243527602,3.868833719692485,71.64651844780055
7.906499239916371,1.1568917820250952,0.7733897894867797,5.0,29.43820969076117
46.65956893915559,0.45934484708149276,0.9112188238371457,4.437787512430198,65.48143575456812
20.574319716301375,0.4657891531328386,0.5593003684017632,4.0885606162009696,30.815475621623452
41.103387162309275,0.6215455510509973,0.483912363860422,4.695958301440957,60.43411026790048
6.701360593487003,0.3817422884849116,0.758292762207551,4.076697221832713,21.930869449581547
52.02419278696558,1.0277186523259143,0.6805672770297032,4.330194153676863,73.10578424838779
42.72621210366363,0.32473748014382514,0.5546231208510239,3.9727066937606668,51.37832479954654
57.3805085277052,0.6392888036621502,0.9657568848791638,4.193211798295871,78.92236848261008
30.64273029608272,1.1071560107627625,0.5905335882559433,4.090371947499189,52.837881690557964
53.37378848284748,0.8353890985942538,0.4331715578635118,3.899247632745523,72.07694092780415
32.883519010548234,0.8071648445781026,0.43527953794313434,4.297144996358055,43.50600041452661
31.25456196924297,1.1946442239288724,0.5206493449912176,3.944561927428259,54.07944267549598
6.582014851740151,0.22254908239736076,0.47004149492367364,4.430394816538092,13.207621678573766
49.0359991421217,0.5197936851051943,0.6368132242506933,4.078182295207711,66.17141650607363
25.31994861089715,0.32501821789614,0.4482788297895556,3.511960196553315,37.64570934652412
36.40147761607678,0.3845772789703645,0.7366991211966076,4.448339236362844,38.77777409821574
39.39080609618006,0.41600449852749516,0.6450347347026913,4.455038998403572,50.47742742877586
46.71386682821746,0.8268901105673028,0.7587550952698984,5.0,58.28368030738929
34.945314458535286,0.47210702379371755,0.9935419281544152,4.207088734542547,47.613416033400355
37.57472234562872,0.8641845086368747,0.9951409564017156,4.273328663470897,63.6981801538811
31.72452521142482,0.9380696505355031,0.6502174249782808,4.391435996599184,45.28306138641255
37.22315165679444,0.6019128021922588,0.6202323602140363,4.607880858374025,53.04334893914347
27.209511787115016,0.7363272743979308,0.8089317292299426,4.582879735955831,43.111655622826056
46.808279384495485,0.3320921741025286,0.6206077685518914,4.327514153148908,55.855383699314224
48.819927629454575,0.9526393649698799,0.8669689455897494,4.186809878952494,67.65453143593803
31.509346849411973,0.6191182837485103,0.7609875951780154,4.537064728384357,48.90228268742123
9.651054319177748,1.0346352046368916,0.5196923337499336,4.170160277235328,32.90545243848031
23.03638037258109,0.7262195196960934,0.6489002919274975,3.684332779829977,35.94999169439032
50.556381509227116,0.8967646433946512,0.9181948292205828,3.5995100581197983,79.54226165601925
55.088191127433724,0.5585826934521421,0.7320119699378769,4.0826940828784215,66.99794678012127
16.75612710252213,0.5717696291322136,0.8259512350428186,4.247987614131307,35.229040299383506
56.52505341501706,0.6365084415642772,0.825910421877053,5.0,66.99367578999212
17.326081322006694,0.8360342056868604,0.6892931632468423,4.151989790549049,35.487399387037655
55.21373372204581,0.7065335814605911,0.5772948264855648,4.218640218227466,67.26582001850052
56.19069603621315,1.0042764492246798,0.7578033038847078,4.038266860437934,77.30629296758464
30.785082620276587,0.25479738226069665,0.4678348376990745,4.447522377058367,39.25686278569834
57.08257710009639,1.1005427252559963,0.7584223718728791,4.312137229457062,76.10937704367929
33.40706958598376,1.1260366662777956,0.4616431813431109,3.944665375513087,57.85452171566962
23.354526993655455,0.4440756888571759,0.9410788181411008,3.795415794508819,42.65691143214614
48.79941080990861,0.300776350241799,0.8463228965548053,4.039053253911969,73.62197173607619
7.402803989207269,0.7718562267871267,0.5087259866777315,3.862651570223447,29.9653758400714
13.78264903261024,0.26417017058228126,0.8707962194985219,4.107535611874567,31.905911747951087
13.581756226022955,0.42971564751474495,0.8355116875723361,4.256591915212803,21.472223693676483
37.70233818608666,0.7075660290149166,0.837066852949556,3.999522591153928,49.635539303008585
42.8234966846008,0.8138114317617724,0.6011690700937639,4.7817995536317275,58.50077949649899
50.40809939811322,0.39430482606999434,0.7136445358693172,4.663757918213907,69.74799120327515
54.09185591118266,1.1327379620411222,0.7514648830550997,4.108176940859985,88.7292736248995
52.62780347264122,0.3813230970238695,0.6261869716711005,3.8143335053244622,64.24932542020768
41.23768121796473,0.3536557971401089,0.7362393281083246,4.188082497866621,52.33935773576883
54.97477397014571,0.3623199845259086,0.546409843639899,4.146512660946747,69.53490392812323
17.257127958884762,1.1295247615802848,0.9249308127715998,4.174887017746219,42.144249925734705
43.79127964740961,1.0787710197729072,0.9762019175264475,4.0407899474365845,68.89698493986984
5.523378471169077,0.23304086425566023,0.5960397704968137,3.7802415359801342,20.266980069937386
8.388477059655045,0.9266153215673352,0.6054385525240847,4.213955804712516,39.712388096146626
14.34120649912541,0.2734887213117461,0.5297260738079673,4.059654113444469,30.887635150431795
7.05792780023614,0.27531054386929493,0.9188675963974079,4.095225859079357,28.487564273037414
57.974284949715205,0.27602020213740913,0.4980170768821639,4.237584458936615,61.11660199920989
28.508409538575915,1.0296209783156085,0.8793153097142804,4.172256637026325,56.774538083411876
54.49555726819016,0.6274356325886159,0.8993971830069514,4.228887981106963,68.97485406326581
29.121284930549667,0.7570294881538608,0.5897313799325187,4.04112654796296,54.409668405377715
42.280895145202315,0.23081366680605148,0.8660749564057958,4.3440579165181274,59.79991459758693
19.98117296049144,1.100891699136914,0.6717831953448226,3.912880326893928,46.816317275501476
57.08926172135178,1.1820226623261705,0.6090715646195234,3.76482337041027,79.75262488858513
3.0587732459157815,0.43517856813508776,0.936027052757275,3.844008375210332,18.31416040494303
42.14687029203733,0.8565151829481532,0.6721168562123369,3.929324198416393,61.478637849288106
57.07241958631457,0.878802955482366,0.433137813765682,3.6848793760360787,80.55988211362106
47.500769155860645,1.1662802426534582,0.7807128405433946,3.5229173105404405,76.57902291571057
49.82818046343778,0.6837661488566609,0.7948013952739098,4.401384362294422,73.23980038368049
18.650618177661638,0.4379145954519586,0.7807902915619533,4.709697280996326,38.20629364757832
27.659031416816827,0.5602826342831819,0.616191303866568,4.4230816331160225,38.95411113988433
9.03467489281718,0.839611710229397,0.8071688928208596,4.006761240526541,32.31654279947416
23.20792835728221,0.6724871180663745,0.5746565918097517,3.5134255618379147,44.200499413086725
1.4976808197656317,0.27940743008795327,0.6786173055646897,4.276777581413785,12.810889895454022
46.947406738367974,1.0073662316192717,0.5300240319857765,3.557077272184914,74.07799028810568
57.227728487887305,1.0642687647162543,0.7679514616855894,4.1653362621706815,82.88836806791983
42.35011169190914,0.6783321673688958,0.8863004587726055,3.88016816921285,60.172045374166814
48.807558025523676,0.723470382682611,0.4585999377723505,3.287762134494064,68.07070687548155
31.294713803042438,0.6915732796291905,0.4162074057891176,4.792213641341171,43.72055950551004
12.308439747667439,0.7297461961251177,0.8566806421391889,3.6976784409059253,30.669707745835016
43.528112234922325,0.3026223385006091,0.5937278895055992,4.057683582047659,55.377740167575574
18.657744488848085,0.6336328873248926,0.5942952871537183,4.148411751508591,29.981532734846294
28.111975280356692,0.6478753018999974,0.7388437186525222,4.011819732405091,48.20829706107597
54.139402837618064,1.197714335024158,0.6920425388212593,4.385832070232028,84.01776256350283
23.00329081667573,0.2486531735447129,0.4729360181187997,3.903611841932198,34.33423078063161
18.072801541739224,0.5121389253878657,0.8562610788391691,4.352763296968628,37.78761369550875
2.869975720452305,0.6959952682418122,0.5057628862318058,4.327401971839639,19.629660984069844
42.38595553111105,1.047235345402297,0.895616934290087,3.6488993197860924,64.45700185519274
13.697975215881016,0.6612371150168153,0.8586085855265622,4.294336211398359,39.9636387545349
38.725581245119635,0.4910064479004637,0.500335963073603,3.778411059876396,44.18786735642465
22.62964626016061,0.735268212006587,0.8549282023245725,3.733743693281464,43.88102532779838
47.47286539373796,0.49702680429836094,0.7965637173164523,4.316225034280885,59.826187295127085
53.503774370915345,0.7483214724575276,0.989092073692502,4.036658498832418,81.1023870004953
14.906491075887695,0.8898602588492326,0.8270973361388897,4.349175069661366,36.79597674093635
47.74635493598363,0.730782354597519,0.6341304718920873,4.352695303682431,75.4036947236643
10.016013453085085,0.8096352161598857,0.772034585861943,3.628797852465492,32.19838297914625
9.314713375445221,0.23871744169197512,0.7971233345731733,4.49624715584168,17.456389530480198
26.278293494511765,0.8588000794221331,0.8473901999118247,4.3140065571680495,40.293127104227594
20.146060580733742,1.1696753946826037,0.6811755078892289,3.9653448915546017,49.837619161811695
59.24230849038643,0.6916447541069202,0.8966166585205999,4.145650410255378,75.3529539793802
48.43476004927437,1.0027082322939682,0.572165064463681,4.50765706775286,67.02179658452401
53.52397629063451,0.7489053402797383,0.9780041834726099,4.072155574025085,79.51456398561912
9.023861755045466,0.9039987236141416,0.5862583822303085,5.0,30.49711463245018
43.123696448857956,0.5099121545703891,0.42252769396407786,4.79627719858835,51.99465184926931
36.65277404832363,1.1668641477863484,0.5200809513720425,4.246713409001484,57.949908191188655
6.855115801070284,0.41514498241379755,0.956464252897253,4.10880500383196,15.957304128640507
47.82615205676187,0.3590976228733635,0.874030828122846,4.126130608259909,54.30823068242776
51.37312626000359,0.24552439205656224,0.66362252674108,3.9597386431073094,66.65153239167398
54.93148677015799,0.7411905624282837,0.9430931773681647,4.250088678909908,78.53066310651961
56.44941164501735,0.8189009104379619,0.5479798302287447,4.475018640482746,75.5161571849147
7.360823579262377,0.8495219730286572,0.5401349463044569,3.66020875866015,28.973244164655917
53.0481649894114,0.37223148477344464,0.4773749816918524,4.457111632595801,61.176473605408965
56.776241131172604,0.8514370915596685,0.6654593789940128,4.573420429275393,81.22013535285816
41.756857506130196,0.3651065646258748,0.7084753637666422,4.428870744780619,47.190544602852015
11.847228819747537,0.9549931560711997,0.48708471146681276,4.148022075821076,30.23467428027417
24.649422599907652,0.4752445934237374,0.46876329752986307,4.412252210215192,37.784112824342586
6.316504442528158,0.6220459174074984,0.6342711313234514,4.719712396062437,20.944402266318594
1.250540283297033,0.5672270443804897,0.5395713225913314,4.176722323106923,16.341994546633398
55.283662984465316,0.5677230453798725,0.7445583993355694,4.209444073898578,69.63364308203852
58.36796616472254,0.9209434823791014,0.7146011141735209,5.0,78.92701251543531
55.238280536321454,1.1977729200991067,0.49749010293766954,4.322897513934615,73.49782138477309
15.983792397200988,0.7273297515463168,0.40796620580874543,3.797082411532245,33.15636226721047
37.64554489949317,0.6010388936637145,0.7868737978817113,4.549188499873878,55.37365025313479
30.48215987731928,0.49369911278184214,0.8637312988475232,4.3607767605488,44.84722762249654
30.26680672328346,0.8244782290911983,0.6929636247464595,3.9378331894215357,50.89697905412532
26.271695493929368,0.6511832151977186,0.7453005656418161,3.758419122342634,46.31295416778933
56.529646881514225,0.9728358684199159,0.9770268579383171,4.295439143565237,72.9112171674101
47.66247435411039,0.8066891390151041,0.8606223322101195,4.175959612206239,61.6954190162009
50.965245476764274,0.6119213882570806,0.6002859222887271,3.702300083109177,69.3118111265386
3.0420298505421597,1.1530112532826682,0.9101810043174797,4.1646104961118695,26.545789376748452
25.30505985995519,0.21126457552871042,0.7290953431790166,4.139424594779596,34.686358041969
36.280717638116414,0.8894880246148298,0.713160663551761,4.175034207161366,59.38908415950741
39.86456912158086,0.6107914569870236,0.8151231537305351,4.3966358706394955,52.77793362236698
53.797906553067314,0.32162183226154456,0.6576909873820448,3.4952425814832964,59.018138113963694
10.853172336031818,0.29269545187965323,0.9284635217037182,3.755148548404132,32.935248529530135
6.312166106339405,0.84931898686943,0.5003706581535389,4.005221867029657,30.526323913739454
53.69873299067306,0.34777315044373,0.6531479753166286,4.730471634568488,69.37162012699342
30.890535267084374,1.056076045340024,0.43891818064401633,5.0,44.765036863069774
32.813718224530504,0.5109279863048495,0.8232365735579652,4.2019371823256675,48.71291037959472
53.51003886215259,0.5438428607319141,0.5621771354087959,4.218217992775929,63.22164154734497
45.23878836610082,0.8601244355587283,0.6552548035141194,3.2226538982428763,68.34818731971183
44.11451486470058,0.4201638824117037,0.9318173237037309,4.5617849454240735,57.16123935684924
11.975679210552387,0.20703920968271733,0.5117713232263881,4.379857581348216,16.81490123064347
37.66320726200883,0.6458293401333475,0.40135091700138104,4.313254331554405,54.43102887474317
27.554202396939406,0.7278797783558555,0.7468718802063228,3.7015147056545556,46.98234949666958
37.05144842475411,0.6458955304415297,0.6625271442204963,4.991955185127656,58.15063376714134
34.96495348068798,0.6579917049956676,0.43297643627438465,4.808217175613424,48.72203222094386
2.550518519699033,0.8657388981919045,0.5777474043180242,4.317741460599966,11.411417172484073
21.288648922765848,1.0456887870960216,0.54346361333839,4.596797902476204,34.39523854228077
28.010389216732232,0.565505562537574,0.5563708791529125,4.220443982783352,51.433062370818845
30.513093376147552,0.9900935528414501,0.8737974299442118,4.528430822311935,51.2053292842539
6.868686908982234,0.2626837662453571,0.5828498825483146,3.6770992768909756,20.716393932059045
54.01379518040151,0.6802608558926,0.693775901952796,3.290516298152172,74.91598804420144
20.72462586959882,0.5761519210347517,0.5593120506100817,3.692203391337914,43.448503375525306
29.875896549412467,0.6659405783244634,0.9703241046340274,3.877406963449592,42.792767438058256
40.15991744586484,0.2914778563957952,0.8645282910315003,3.942574986491633,59.81030136846879
43.425816528941304,0.33882932479520195,0.6539695679253873,4.379245113514048,60.461343323407135
23.303623418801592,0.493479960233318,0.8361900246576248,4.097064680433829,39.75058356540194
8.617656751526521,0.4735316263118127,0.5888951305571265,4.188534329458014,24.36263980459942
13.231742484760401,0.5850965825411845,0.44933793293589425,3.7261560853276214,28.044526682841465
10.738059588937857,0.6572588771198842,0.6583133222428786,3.6915335805212974,22.886506279403445
15.40413046665744,0.4211725160300905,0.7387512129579348,4.216441349453726,32.03540478060954
36.615133548635136,0.8192204364555247,0.609612801513418,3.9831579845952017,57.39677455541721
32.60977040719773,0.5758215617077855,0.6409230329199399,4.201826151228112,49.52077954267302
10.949196421665688,0.26013528067568964,0.8286572943056998,4.41775974607421,24.85870741567493
41.2094737585711,0.44369671111440917,0.9372684292356982,4.8557944487022064,52.56949374511745
4.758577256620969,0.7601472938529659,0.9364636257729708,4.191819129765906,31.257584073488054
54.666814287232945,0.8068771579435121,0.7454150882841142,4.925337560106542,71.97484496866292
34.40525907499741,0.9996608698402645,0.7776942143734156,4.362509929684391,58.742429351391245
35.834622167762454,0.44547866002684894,0.7196867592087125,4.475801324549986,48.35532485174036
17.867736643568232,0.762214946060797,0.6227414312629691,4.621234040773948,38.924506748730565
31.1865831781716,0.6761052191011159,0.8428958176223549,4.4878986316578695,49.26065313023209
26.14918015177542,1.048515174151812,0.4667471702398013,3.8793172712564967,48.17753631704595
57.09404031904072,0.9299917353867722,0.9364085025341449,4.633222016441042,83.28193517658744
5.4970659870954375,0.33198545774158866,0.5702316814743875,4.050366963117732,11.068718318841064
28.065402502838786,1.1587741511954361,0.5312932908622685,4.320675487868975,49.76486086298688
47.699523678237504,0.5552146391320478,0.5643965244068895,4.253140483453801,60.08673002362884
33.13004835981111,1.1545913887922241,0.8870301607765871,4.6576385462643035,58.697323269408905
34.34785974406096,0.48522104780323,0.5613367068627968,4.3572267534117035,49.083226718173854
54.76172126474771,0.6689388250202997,0.7657231504093674,3.6455357978032654,74.68036052825926
23.165874302785674,0.7504638143627702,0.605894660777864,5.0,35.55762177345214
1.1217969763241682,0.2635917028597769,0.7938422288275018,4.5339735407464685,12.40394434272813
55.61461340542929,0.9156656356539503,0.7549759248174497,3.979802957794661,79.08292786422138
2.950525150053535,0.3047103644636478,0.9986599135729052,3.745080322832091,18.385570823085832
48.046843310518035,0.36416277711160044,0.5865735940452453,4.579707779020067,63.65234775997467
9.236058887503775,0.4902422037553465,0.6098844242127083,3.7923734747676585,27.543392018338153
2.2203670767877526,1.160746294421277,0.5192605306276304,4.520286749006331,24.360763975260255
21.925544000244184,1.1731162814685399,0.6783449032861129,4.627633143210777,35.51678914033557
51.97932917860154,0.6893164422507045,0.9024161271044968,3.940092937436082,71.28311281260659
3.17933427504449,0.7333211062646021,0.5265988213762006,3.904405281018895,23.98698904934103
16.49812634046356,0.41184311735211704,0.9768458966322078,4.011913045687133,31.942715064053946
17.463904459015097,0.6180416455389093,0.4078943696767786,3.8044479499765047,34.86919973592699
6.593609018107086,1.1844182743532736,0.8830892380881431,4.291827422877196,31.43738714462873
6.460924569020153,0.9907920740190956,0.8149754450784169,4.348911716600687,29.74562361560136
54.58265629420108,0.8973989921237215,0.9431520843993658,4.490996854389399,81.63385163094576
42.022443643272865,0.47841491420863264,0.713087506887797,3.8666703629215737,61.32549838439658
19.357114578199678,0.9630592490875738,0.8085786198438332,4.535983747496607,35.44172818485178
15.060926106134316,1.1665539072038331,0.42965443722031166,3.804929580324204,32.450913221636526
3.5299915603172645,1.1879532548790104,0.6366131168672174,4.535756931286107,28.51271141834391
22.168446642556855,0.7997921518233646,0.8624197340338421,3.6053362601687806,49.455211164786306
18.766939404354215,0.3607320477842158,0.46538901181184816,4.827095965609401,21.537478737050407
55.10770870609125,1.164070056863034,0.8694384417753864,3.99139342395445,80.68165145515317
14.010005341920378,0.7413787492257045,0.5849639912803798,4.439635544088689,40.43820496963479
24.90368740908336,0.23834057645936174,0.6117934647755614,4.471384600058611,33.79861057433409
41.23883108126364,0.281497025572832,0.7884249147624189,3.692186273057195,65.87954180483062
19.949642114459913,0.7772579352237023,0.4468983835116481,4.534053265703946,32.79595254631194
47.12537163352639,1.0352938371153757,0.7747756606316176,3.97970082830756,68.52635183971002
43.84912906939939,1.141521427935336,0.9482343550432318,4.077570551859606,67.38476412732533
3.092668052478957,1.1444361109300396,0.4562585666687961,3.9319110957895482,21.430144677447423
51.49400704082561,0.7786144538404645,0.5517983770490686,4.845517429246095,60.5326534396771
22.47010422992282,1.1814092109264906,0.4082088932843323,3.7320100996833476,45.920290975189324
6.655488842143609,0.3495960941212373,0.7107939982845815,4.372115112238849,19.80244887379789
42.20239031636623,0.29466765067049144,0.8385761199471473,3.9505355110081513,53.503777451626476
45.08165225350539,0.23027788721554504,0.9558389258754377,4.636428858406284,54.86403752489171
5.189572173129746,0.9741321075613072,0.6208177631348721,5.0,29.457447050019148
21.881318658438722,1.11659694562956,0.4892507483144256,3.9478618956395253,49.007888781691456
53.83334882602746,1.0398337079769406,0.41745073941569716,4.256023523165023,73.38238862950202
40.49684019194941,1.1396361905260153,0.5950037291522458,4.045919097638309,66.17555784043194
32.501380273323605,0.7480678498239974,0.7073366874931807,4.6152284750031445,43.22669284333142
30.742666312514057,0.9630414423482758,0.9404640417488158,4.1005192899233895,55.535184881328966
36.89656362197782,0.5367098732954221,0.5298709190381389,4.562208954557653,49.90222965961517
39.528235177610725,0.9665788938767244,0.8687794741944496,4.040907628865564,61.50195641538505
5.06135814758723,0.9530459987565414,0.688551908935517,5.0,23.85510549227717
20.714749110674564,0.6356028774207583,0.9205210095584143,3.3233903221303724,41.90960324437494
32.072465180799576,0.24376564957922758,0.9178390897933775,4.350746240588402,39.42788876877847
44.09014690794984,0.46626295871360074,0.9146167555690538,4.195783459953092,67.05399597866732
44.82370887475942,1.0851850377029069,0.6408071349823921,4.181306092544441,71.67064814405258
36.72505060062853,0.7872666587938466,0.6077256724891048,4.314157690214215,53.35012864380025
35.604965008750085,0.6050932479844231,0.5243731805225829,4.223373571031947,43.92280487358349
22.697300257907262,1.1473953294562207,0.5370574151169962,4.287615387450003,35.68846464788743
50.24730392472053,0.5664418965121487,0.7697375592889076,4.36324020962298,74.31312799285185
55.06761355593751,0.528082929366718,0.9771647070272591,4.899592408591324,69.45770897850161
50.932727235624675,0.9704960215486746,0.7635753136363657,3.093768091374288,80.08843997524585
52.443338638068646,0.5553046298912274,0.6473904896082402,4.938831833760825,61.66850961309078
54.61979462563714,0.6462332220128324,0.5454532036608543,5.0,66.75574646934936
12.921754494949742,0.9224580322894782,0.7911816959333408,3.4995682463413478,36.100618687177665
31.318717729301724,0.6301201813531059,0.5265672331636185,4.219142559079611,48.0252174425461
32.53787756624675,0.5222879415159176,0.45602563906999305,4.7485170411173865,44.78175243697123
29.640069342281873,0.21538883625281652,0.4561239937024463,4.567413295077483,34.1733708433114
51.06082265458215,1.0605696649277077,0.9102756227814355,4.870483808270179,69.50328648946274
20.17729706098618,0.726703793012627,0.6293533702159938,4.348777322444746,37.209716337937024
10.51750867086349,1.0513318726079297,0.9642040606147048,3.3868826608034537,31.114243873620726
17.183736196481888,0.8178421260483786,0.6980450677529788,4.721851791501271,31.701056418864614
9.444531390127697,0.4006663817303863,0.8149036502971156,4.454190280793,22.551967552475173
24.882612659851056,0.5631609510114031,0.896171028788629,4.786537414822537,41.87718046336129
7.891854896860902,0.6172581760429001,0.9246935037985806,3.5864040007403157,34.46765074981856
6.166970035806253,0.939725986616261,0.4975296853357499,3.713604128206025,25.902368404638647
27.60930972122047,0.7481731924581585,0.5300040504461233,4.206582502687121,45.21518198408682
36.46730414647572,0.8365035066058344,0.490055007528965,4.733237589690109,45.572951930760574
36.85087087157917,0.9530801693984454,0.6673303543179195,4.84463566156645,57.24833549591249
6.444912541822817,0.4738613247557765,0.49302072575204403,3.9097016090347303,17.20873041252148
58.322922075644875,1.0819917982631835,0.7905192250085348,4.037424520004968,81.64051658646335
8.183031033140358,0.6532769499648716,0.6176961600036024,5.0,24.056307656885675
39.967344391537836,0.8611218917537422,0.9784429120355108,3.9788882810414403,65.01677634747234
53.4297893109988,0.4182022987107999,0.889952311736847,4.47013903311247,62.05381027028719
53.201196483560174,0.4333723599885902,0.8345680669828789,4.01926260086636,72.25076740930264
31.215609007342387,0.9349894035365087,0.8132276071178379,4.3899037704763515,52.47789356698646
17.36971527520542,0.5504060767423344,0.42376313090041295,3.8534667437130796,37.62332358068729
49.8442992707158,1.0759577677491623,0.4502113571900572,3.8648656731830013,78.37867967413796
37.14279797628947,0.864747089635383,0.6592665929714533,4.051686813613585,64.10774278628645
47.67174908420877,0.8654289181173522,0.9488200786976992,3.981913082006724,64.79512068144405
24.599529996123508,0.5802673043948408,0.4564169091654474,4.078353324513078,41.25309471395041
54.89229094584371,1.1026703197660122,0.6520836838767264,4.4103405705348235,71.14846858477547
55.84596747818326,1.1446394647730156,0.8763489479615171,4.956151386686851,83.86463485219602
44.5034786469812,0.45793924963566807,0.5918756801377086,3.9637979834168005,64.95954876627155
56.611443032857935,0.7145625708216337,0.9576294332830897,3.804613658132746,81.91478176691484
27.75639424616229,1.1069318474651926,0.9608198993796144,4.203803707139557,51.567469708270764
12.473353585276087,0.3012805450933555,0.4341843913201066,3.859461415779251,26.399444893341318
39.69833875017467,0.49757899856056614,0.7698418223456767,3.545946684312553,55.433542748879475
39.548540277101935,1.1544265185453964,0.48734326243449566,4.625706411608232,60.98702156535671
29.987999515139713,0.6849735882325059,0.6646064347768531,4.232202535416042,47.04833171647629
16.37649514987783,1.151537177908657,0.9386826604988444,4.271397378540914,34.12553244810655
37.8362342109643,0.5801682786800535,0.44402023427140913,3.429134312249156,51.82673891405875
11.666004585080799,0.7274996394611295,0.9624163502553024,3.966095106296225,41.79001891618468
45.44463825264631,0.6541228881109691,0.9966761330531613,3.63364929270943,66.51455252091355
54.50190992198325,0.6572141715374382,0.8021473887101116,4.191812041138951,73.28750769226423
10.830651145758804,1.1177129274501545,0.6137629942138304,4.253729967557266,33.85223556667636
49.396007016137375,0.8946428284998078,0.5506075965326769,4.2534397130940285,67.24612483121777
12.709849004486308,1.1457314762763282,0.6595646134454637,3.933221622115904,37.745195089363584
30.525032855619408,0.529532006110899,0.5078959698272935,3.8588117279007967,44.35987313839998
55.825520902065236,1.1938938885103554,0.4120338984554718,4.12271344766947,69.86297670796708
5.879932336260388,0.9076644510530667,0.43764317567090627,4.342804966460795,27.59582963903691
6.296236483214663,0.33131020659062344,0.7981393611993057,3.968314147362833,27.083933928976307
57.564685528961725,0.6129431058347989,0.4124533092096942,3.8250374150284427,68.98871900528353
10.372111967391211,0.448667799075614,0.5808770524395751,3.8421149118440505,23.620802146181312
21.180810095018597,0.4354593478350168,0.805833633031115,3.936628279767541,43.13969440060602
28.080646012256533,1.129552837657622,0.5048667316841442,4.018940234385567,48.276549630303904
1.3950627692176245,1.1599494941203847,0.599366209911925,3.7607274655749,28.218241392412313
12.096743128104519,0.21416670010874722,0.4188649607378822,4.0217955787565645,39.2585300915847
49.87591980692306,0.3380367387503223,0.46745349827860466,4.694453694458352,61.97910008254721
31.6123765266239,0.47784518497125744,0.535555136776832,4.082197502628079,46.03870510864088
24.23998141879022,1.047735340953215,0.47570613664509764,3.704460112772612,50.79945051314265
41.2362109860009,0.8111057485771911,0.6832359655965309,3.296602645784801,66.94322145129244
20.16138069054667,0.7654277200418531,0.476168485461543,4.934554686889897,32.29055511943146
26.873768384976,0.7982743571038242,0.5831092196466993,4.6557279616087985,36.89055356887164
59.62985479852775,1.1505870200292743,0.8341409888167276,4.313841862554624,86.85426746827355
46.68288282077072,0.4757904387450423,0.7923116436985809,4.665081291821286,63.53777556489163
33.68442500310209,0.3233221091447635,0.6297994493848849,4.411038289220438,43.99085800127718
32.077982152764385,0.8078153681673326,0.958652834395123,4.169731928677037,60.08468919708711
50.8120455808661,1.1688690780540623,0.8723335293886717,3.703924645045361,84.0977548741094
36.451150013010384,0.9100042633429279,0.7643059345940717,4.963453408893099,58.26733576714535
21.01744062974096,1.0921163612075109,0.6620672212560339,4.025183576226846,43.73891193716879
25.649710681489957,1.0961898451226462,0.4360217074514175,4.0470439445917235,39.520161885679215
11.819992015973956,0.4192570908912094,0.6477116393958876,4.21498271376624,24.7737143811974
57.61171422929493,0.8855984557011864,0.7271597502620162,4.2218485414376445,70.97897541911432
39.48017235434093,1.0622208919839473,0.9946105085976684,4.429882805832532,54.38058010125356
24.515654824725374,0.30134088728801384,0.9709637841544375,4.383835023943376,40.776385453557936
22.233387345701104,0.8514782929841507,0.4673269479819919,3.9692545402041386,46.22221020958197
54.51254653278714,0.47200316446175944,0.9875596849503183,4.210354670703516,63.494881835928076
22.25861766675384,1.0216705097508005,0.8527705779138737,4.417231376405458,44.04490676001627
45.625522872707506,0.42320761504439447,0.8091613940064335,3.9352036705806843,61.371374838209086
50.29015312850577,0.5734204990914349,0.9421365798571609,4.778661943309675,65.01806082014417
54.67822001013621,0.876742591346573,0.5950332864774667,4.191899227407085,68.93215025704444
23.01005940659059,0.7558261593708788,0.639581694097938,4.839390321064593,44.454979198300954
46.15428729504999,0.3199760185363178,0.9225681709169756,3.6431457679702266,56.9373594873387
20.28602424332383,0.42529514029731735,0.46239478043794885,4.461851561666218,24.063647514085126
56.69712839451447,1.0858400631088287,0.825495908331908,3.843852134421562,76.72608755038969
1.6584495393887269,1.188779591369734,0.8858933142955828,3.946211356136315,30.61624634064831
34.64123652244004,0.8939720400817956,0.9310377718263234,4.561940447816431,54.63850270529813
31.087164276741827,0.2097646726008628,0.5315036747935515,4.10860909615694,38.28327627534694
52.779726172024596,0.9434006578483101,0.8075478947246678,5.0,74.25076756273178
13.762422864776815,0.8428255848712067,0.4514307793527027,4.407211154259159,32.62726963064469
6.149986175966919,0.6118203554438733,0.9165773989491762,3.921689727227186,16.17631266462353
50.93993418955649,0.42804581251358237,0.6890796239072202,4.407920270395483,66.398681857368
21.6560118300154,0.3656978540725557,0.7744989903588119,4.105120006920064,40.55428665050384
20.170235604423258,0.2835368621881235,0.9108252441705935,4.532820468870999,32.15792965749846
7.213317580411029,0.839270375506938,0.7036142436895579,4.081525327338191,26.663404671351984
55.283475827786724,0.537274573580345,0.705195114275239,4.362670617114955,78.0478376547118
38.34451194686156,0.7180132591056201,0.6787936733678039,4.2793729772273785,53.33117241137219
41.83884281463786,0.7252083679841064,0.7604158741721003,4.231371532415592,59.84222824841497
53.97834188379235,0.8073024837908058,0.8303939468845272,4.61671930371234,74.25873655542354
50.78741709611354,0.7945460109199072,0.883100941115328,3.478698982432802,74.1110826905207
27.65701837672695,0.7190767433523351,0.41788209333460913,4.2390042196534035,42.723615442539405
10.42655045089747,0.3551177645187355,0.6088463617269316,3.9195303366961647,24.298664192226173
40.666520256480744,0.22704316377460682,0.6595165143616324,3.6605396345229164,59.92563580572206
39.39219862125194,0.7761848010514416,0.4592160374350169,3.8648770003806416,61.176859178838725
3.7776955169386564,0.6232199989113627,0.8509727937301886,3.952098435401103,22.328369313981664
54.06467940321237,0.6101186583462577,0.7137254306989884,4.1058650739457265,67.77613032235455
20.779115247479112,0.6300656570287106,0.40112966940816197,4.334931739834309,32.3116640577228
26.298005102029734,0.31354202011981785,0.778823165951511,4.416917305315698,42.481013312155575
31.31310233694311,0.3792679619305957,0.6034131981945903,4.036372697747515,38.3461528046439
54.80913494810268,0.8621544361894851,0.8361126071881884,4.833849321982053,83.42637166742819
11.058902363226217,0.7137814736237527,0.507817083187326,4.0514679902936654,28.299285873920322
22.752697863398936,0.8096623308122814,0.4007256981671748,3.4214173625272957,37.403897111828265
30.579089863996348,0.32934062272607506,0.4520943521037112,4.062163453923156,42.86485052580993
59.52202486072868,1.0141396215565335,0.6642400456245896,4.218864137120859,78.40081141642433
26.945311780319553,0.5726397255491793,0.8488058469249917,2.8908133812380794,47.110114185066806
24.51373091879539,0.8130719878072383,0.7623484209836521,4.682934366051942,36.79982023863888
56.16658182620624,0.665653219680042,0.40897996030748,4.160369333793526,70.8328827568852
40.02819681629747,0.6683230706586527,0.7549649754289793,3.7390416652298732,51.09227764370418
10.650881433540146,0.9785804705451253,0.6893041136428424,3.8159481973521348,31.420853759463697
11.372309831108014,0.3103488665065403,0.8779270135276497,4.504689999755616,20.78704059253
39.02270846122562,0.27479021979808566,0.5539996566508985,4.553568471383204,46.80100603236616
28.55626542285433,0.3010583034551975,0.831358783168859,3.9404936133503883,39.742068169227984
1.5291153466853133,1.1953001385018343,0.7790660521288862,3.6578833529073917,29.05004445052122
27.466932779604694,1.1271481292566443,0.7737946751712436,4.252352216451381,55.332357577772704
56.442023309640085,0.900553475913731,0.6433332637173039,4.325763905322662,77.85537968471299
45.09535423743221,0.6475458119363862,0.40770898547338424,4.426107731742996,64.72062938872244
33.95754803904919,0.2850712106902216,0.5125853750731656,3.974749057219034,43.63090495184657
12.516570810856887,1.0208956917783976,0.9065497118374601,4.1511604570198015,37.92475630077797
20.802763605342925,0.3894425995166351,0.7701065265332475,4.208057113949003,36.37396414300003
59.801717705087384,0.47284204866975016,0.7468844601005795,4.58672472115403,78.202767942143
39.88416612026559,1.0407919420444496,0.715414659518302,4.73172144655788,57.980350277512336
17.300967046801244,0.45733440709693346,0.44615891275844,4.840276198673578,31.041123596942843
44.54145939919177,1.0445764890080143,0.6086015849804631,4.720992206178495,61.473028623923085
6.390527407907566,0.9859385631940372,0.7714898902960834,4.925384469707834,24.07556980643028
22.86435995114806,1.0372902407707585,0.4753300548458237,4.605264429246238,41.160683408560274
14.518718477839156,0.874291201976771,0.9525964630786706,3.9642588472852998,39.36475850564316
53.864477005180866,0.5521258216004958,0.44358882026594715,4.8134034337786655,61.5044176680038
44.37358531791199,0.8531678749685836,0.8078716231260925,3.649431820773793,63.409410130890606
30.35249187583382,1.029107716096859,0.5807451909639328,5.0,46.74496208357551
25.06020707434036,0.9494195568002464,0.9182047688688004,3.8099058659148186,49.63861666096426
51.656644714184424,1.0620280604987333,0.8961022075266795,4.55505923950542,71.11005211530572
12.530469746319401,1.183530977034138,0.5999268004400057,4.777701516335051,35.63332255652552
5.411005543260879,0.8901452673702104,0.6772679699140172,4.383715976863102,23.83958064306878
51.25447616093399,1.1281272054047302,0.9754668389317245,3.3798593903376104,82.67863990385268
51.53327104885096,0.47177780511094297,0.7647410178126388,3.820822427509792,68.3702353281884
15.341509449544043,1.1734827408473072,0.4036013981419214,4.342725430773336,44.40447658029586
12.521745743855856,1.1103245665643175,0.8663446846841465,4.454248344694518,37.02541862320349
43.557123181092464,0.24124297782218646,0.6167883859964481,4.128483355765059,49.9287939976057
9.459725146317282,0.790447787150576,0.5655044414432495,4.229734138808019,26.829386396197595
37.69510882305028,0.7029716948954321,0.8992845431577158,3.6124392444090674,59.27272737447078
42.37284228038316,1.0156052526152919,0.9805163001149642,4.909740920366116,60.63614044178358
37.69681712866716,0.3263401336994917,0.43722404497448336,4.048826534102393,55.22364943443613
26.1887740468446,0.7276392734136568,0.6342137348610226,4.515503490585728,41.77120663778571
49.15448532618501,0.7012637962238801,0.5678290766197388,4.761424832304705,61.7033205880019
55.869024699391055,0.5955390292655349,0.9386523587588242,3.737982668720589,76.42036275080793
42.63681221795407,1.1921827553347626,0.9206169780818126,4.251206138731401,65.26763870100929
25.71812392243428,0.7395463960782038,0.9406702809714859,4.3111966921214675,49.432664257649186
59.746377745389914,0.6132444041290901,0.42559577576074487,4.096779748872763,78.03365053577829
27.515534596943894,1.0564033837242466,0.43006584754711585,4.570942069025644,47.839843764306785
7.859542114771329,0.3390544003618063,0.7308402308146884,3.9331022872075256,24.32253921472967
11.772351348098642,0.48756230052547106,0.500140896891798,4.221991031838964,23.323558718601426
21.52872178910996,0.47889192053580826,0.46759514629908816,4.0516420451119926,29.314749126414323
11.095883270696483,1.1337006853109401,0.5562150129125958,5.0,30.05876713937909
46.9192538775265,1.0803297159983594,0.8256403628868799,3.9348801306212615,70.04521180928232
1.8322362307597095,0.8066843502990229,0.8029924447723598,4.4979783672324025,12.8576966407244
24.947114717231003,0.5196294281458089,0.8711152743120872,4.918656222824935,34.873026558489485
52.81421870184563,0.6681037719131242,0.43765166797397054,3.8326538959872405,64.89544479458146
7.946467352146737,0.7711465389003507,0.8598479620106623,4.2381331796682815,23.712807309263827
34.98894530656397,0.7400868394517779,0.694370513040358,3.8054348283772916,60.22497111551397
56.09709007809316,0.45593534465230506,0.5877971281010769,3.3948319525947013,74.7606084513743
5.224183082118435,0.3304876040203136,0.7661707690066838,3.8859930204582445,23.47311937242598
21.63381980673321,1.1076363573974575,0.8797180830422193,3.9718546690948884,49.43561744887344
3.2220442333749335,0.8408473429464796,0.46232498355766743,3.9956286739009834,26.57752418740602
41.24946517115833,0.3450923834269409,0.8843754563790667,4.080142732637895,56.09860046662359
25.63245951934886,1.1898434805537097,0.7416639301814424,4.202450963088092,56.83602464292094
56.89196171178921,0.6112773161443816,0.7720324169318934,3.721279355600999,70.90402611727427
41.786106152740295,0.9329701180938583,0.9273712971357634,4.340648086331936,63.87606261556056
36.514493781739276,0.37671472114371624,0.825992554888515,4.68533284207188,45.07223786473222
54.70901706087664,1.132765696482851,0.7501144985124344,4.732258088514123,82.22244124016242
8.650074348016316,0.27920730694897905,0.6016135901617716,4.0959302893730944,22.113688893729908
47.223253789521884,1.1558216431502852,0.7061860969259488,4.5575551608591525,75.14339691660928
44.05847895888999,0.9271225917233026,0.9019399531360722,3.9275999306023524,61.99130653974059
40.72180701271982,0.4272445763385801,0.997364334954389,4.062654522741775,55.05573746460868
38.64652997651088,0.3809057404125052,0.8536912692406259,4.35940989869255,45.56131543057328
8.338006997570982,1.0371009142205907,0.8740975390201465,4.066115193903996,34.1898077108577
49.02855910688996,0.239923951351053,0.8196508305986497,3.6944374742870427,61.48197585509039
38.474089830702866,0.31428011777680737,0.8601702938341924,4.533302062862134,54.05099376605163
46.516905762185246,0.8728560795241449,0.5459077916048257,3.8685584453930444,67.14490964993561
52.689315140537694,0.27736699267712533,0.6542997838464568,3.992009503028115,56.6597767388933
33.003133069539864,0.7412453950592985,0.7335975905593949,4.623289075643717,43.692727293916846
57.456228978147976,0.7740528183577375,0.7296784782023991,4.414850122870986,76.27839808764757
7.442881443720011,0.2178714932230696,0.7583606753082088,4.270444454575347,20.71793944832435
1.2382340586640264,0.5771631807989202,0.9841208757578456,3.6122770491702334,12.699254783292233
20.466673234145432,0.22853063743272034,0.9131623215528647,3.734679880428181,34.6529474228267
13.776455592020692,1.166885348061785,0.8966999150838637,4.358929713492184,35.06388880548243
33.66298346719385,0.41532171488504194,0.8982220864756496,4.452012685083805,43.74214116022297
17.537428389290998,0.8897100282719352,0.8759999212187279,4.301207744051927,36.45108849438104
41.60012054631099,0.873765625058087,0.8075221058431433,4.010504058735027,63.94280606648298
56.77438176371651,0.9722318830185968,0.5539255103429018,3.9973578422584293,75.44617323608907
46.3861313953134,0.5353275781817306,0.9134599527133016,4.286332422792129,55.32819895281012
25.794859246322755,0.38439800682868436,0.5678384994235449,3.6992911626305425,40.666313345791906
59.1446733284652,0.7305022121919935,0.8349331463324856,4.236675606880754,76.98508395323887
46.499760760239106,0.8943367064807457,0.4665902275853009,3.6444918695264867,63.77774244094933
48.842013351798684,0.9553013388756566,0.7283670955434464,3.778948621588944,70.85717134829467
13.080193742738311,0.24891540221495007,0.5912803514712027,4.271285640449376,22.363052794095566
41.52706848464512,0.9526597467311448,0.8226743473507787,4.433292804891097,63.28255183951926
5.167486978437937,0.312432254329538,0.9131720715027839,4.336719919905447,17.763663759981245
14.883255393261425,0.7246458211574953,0.409316299385277,3.754187366031895,33.41549224709942
1.9698299413762084,0.7554110557758693,0.46859314990968326,3.4515928355462218,21.55073331249722
42.60893242065526,0.32705019288690323,0.9553100943734119,4.196673904258727,60.465223462487856
2.235827090314296,1.163997925762501,0.5435625977270435,3.4402485566765058,34.634819063021624
27.501429800921834,0.8380164183098064,0.8384736482471212,4.577770330314225,47.02024173175104
39.283173857133086,0.4238914438436228,0.8875280233230383,3.767465885996528,53.75776714405457
18.994737776149737,0.2508976777352963,0.8443301985182344,5.0,23.170251445627084
22.66954615328207,0.9750234245648641,0.4192643964142181,3.815203327300574,46.48690652548011
52.221381521477205,1.0413156418663154,0.8412541844087311,4.385181442717627,71.73046693152324
54.18336946287002,0.2906300651984442,0.9769427439937131,3.9053569841183777,78.81222729831109
51.66330342360254,0.4574306951579124,0.621275902494263,4.132730455499883,77.0684011028892
45.24613143877433,0.8423778799888644,0.8261530705199724,4.273589420254098,65.01281321880244
17.374231801373554,0.6189771357721638,0.5658818225071196,4.544116981223759,25.436669671036185
5.405951035027275,0.5425122885412037,0.998473216069312,4.607806112043535,24.478250299474652
29.833027310722635,0.6244512847715773,0.525004023995574,4.490927665626045,52.92728467986162
55.53918435938168,0.7053045475277315,0.5833395877924793,4.61505246196085,66.09503855323878
14.179044943211649,0.384662589172945,0.500743352787535,3.953554403751774,34.82429319014611
13.36341399644055,0.5880631991624461,0.973106364679042,4.4595183643354845,23.40371791968505
46.999279343504156,0.26982543971617784,0.7428558263130092,4.063642361067868,53.93727375679447
35.92730300168703,0.20605564065965737,0.5481909760664868,4.594491015288061,45.80455479085006
24.85369270044704,1.1751933316635375,0.4807033994568655,4.24622967656354,51.87635383659756
51.89754624091743,0.2548078606798638,0.9248840891872256,4.4481049994508695,64.10491975855892
35.369167556867936,0.24347789478732546,0.4375957512919892,4.316590232838899,46.530640381665606
55.29578548966478,1.0899619756893257,0.7859578095204092,4.5041512962946815,82.71007944141633
22.720864517793203,1.176036810274188,0.7660772283661761,3.876939116087332,53.859376507636235
27.200454629247346,1.044534825955444,0.8630769744711729,3.571234202812333,50.87696205711429
5.383907167832904,0.33955045272413936,0.8091077336126166,4.595587122860215,14.262991872505342
22.69367590665744,0.8395316698515749,0.9018851019743497,4.737997735624518,46.39162690637698
11.603142000410953,0.8969245241400943,0.4228188513621531,4.153640829854858,32.39892925819803
2.9370943041313997,0.9716625054705761,0.6581748023185006,4.524440326735781,25.66698428361568
16.089952455084735,0.31288886858525294,0.4485796590330382,3.548275768525744,26.546754238514982
29.946971709209723,0.5907527310334584,0.6431303903568671,3.9513841097711677,49.44180446213612
15.594107809071215,0.47609692378033436,0.7364954495046485,4.232781856383207,26.222252243450843
7.43622773927332,0.8545160126021791,0.7562649198266421,3.5058931169455803,31.41164620044291
27.64050822052054,0.5436015152973368,0.9548609736542218,3.5882047223477396,47.82332303480407
9.72299193174314,0.7088226033108267,0.9530332690558277,4.263180698562996,29.87132393160617
6.073599545258353,0.8264374583903971,0.5858719582150896,3.9577273685449548,29.01757227667729
57.650776663151646,1.0658106001180403,0.8194412334459992,4.061329695614516,78.01274528666269
29.081420014864612,1.120916832417815,0.8276244295004583,4.037479037686283,57.14415457660591
48.33731332009177,0.8934478402185075,0.9742911930092313,3.686568373978116,72.84523592383621
11.076259414171977,0.3563913130735403,0.45036052875660537,4.112990864589251,19.65658619163551
28.231443102221046,1.0889171436621934,0.7702909357719807,4.194518470379672,46.900230900591346
6.305552886180772,0.4045155735579877,0.6443581414818329,3.966915858456034,28.149774862680562
25.29624365627993,0.2531882908875209,0.6083969389526027,3.9994098546120527,36.82392183438001
49.75758664613226,0.6372711513192941,0.7704964685119864,4.118410690732871,66.23855037485363
53.672110058159205,0.8846382456814137,0.5677221922324304,4.5279044833678865,67.60873820034995
31.62135972260974,0.3493643471875905,0.4215199448115655,4.162215172353023,47.24996364616984
17.897734531681564,0.4993657198653682,0.8666755940885487,3.4294688421440993,40.99678084620488
44.274682635593635,0.2800599406170831,0.452078553070588,3.722457257235474,59.60547198954039
38.696774636441745,0.8182064035467875,0.5969189551965071,4.572725588991237,56.08142481467276
28.75811611849046,0.9082378125391857,0.7569555417677697,3.9257579916061,54.03701307469241
29.046448645232406,0.7196867457791816,0.7742415589931742,4.164605318101895,44.67034689619026
30.099637665736534,0.644432088196857,0.7997590448055275,4.969956416781787,46.19561106333681
21.015293974705187,1.0477016957434928,0.9967021220132943,4.4527263275672695,44.85819530231746
31.619276522307384,0.6191857503313982,0.6408322707801601,3.3406698910005983,52.14954657993067
4.385060537710555,0.6417696385413367,0.482496658597478,4.777963141053046,10.771798490115671
34.64084566298892,0.7773280977186239,0.48276944388220033,4.259858687924656,59.472073064797776
30.27607181392609,0.9038494239145374,0.7061491804560983,4.3477201267220105,57.130112109743536
25.813196947269322,0.977030548521638,0.6302436744065691,4.321668053048863,42.17735862203339
20.115626869201712,0.24081996893853447,0.9478982112343329,4.56534252474194,34.45314173829388
37.685040107446405,1.051156576541999,0.7065590817373517,4.1681034253317515,54.81086652049896
29.613542594717266,0.6513218438892958,0.6711724367763422,3.607372626521333,49.13990677709158
6.949537808973529,1.10587246712319,0.9174141839934085,4.329410360379061,22.917806904827614
23.09270860325559,0.7363432060547057,0.8776650057715787,3.647273063487239,43.61105518740494
5.513818112832937,0.6758331052862883,0.8283273535822446,4.92663524712545,19.579513948433668
23.37099536728608,0.3953864462339705,0.716412715847421,4.05514361828385,42.35525884164761
32.437082036983185,0.669604124867617,0.5408032774621926,4.179303792607668,55.64350840913711
24.07070882767226,0.6929296626987385,0.7404847429319639,3.929589701094055,49.96550469673967
21.156171226740504,1.0944782867139369,0.46945910237328975,4.335666945123987,47.22328176561807
17.58780823345278,1.0870861739387652,0.7220874499605414,4.381746193465729,40.85518568480654
23.524577703118265,0.6864146666589019,0.9108646913283561,3.9285188981135626,45.31380996248691
5.089331255974905,1.0675673644596027,0.7090077468564406,4.381225532476838,29.197788320003387
59.640144405977125,1.0543907356601725,0.44108577023336604,4.227090488721053,75.97312473377096
33.76500907481084,1.1483850740012622,0.41879075912277475,4.161652418206461,60.791855915262694
38.5343692596019,0.561603313951121,0.9162933009492299,3.8993849851691795,59.923251702336316
11.805298483050468,0.412228134253201,0.5345700855028879,5.0,24.7644932392064
55.480880938467955,1.1439244883421318,0.715419410010259,4.673116746217588,69.02196565683417
34.69867782286209,0.7848613473852097,0.8660733756764114,4.491345193647517,55.840538045743045
25.44806262427562,0.6666575997905766,0.5519266387711024,4.650593572074169,44.39024277903059
43.07962760420444,0.6114582896922598,0.842467709232562,4.319963373544451,60.35647279474696
18.956672912044688,0.2847520789782105,0.445175530558406,4.060267120408993,27.845530109715455
56.14380058934687,0.4040944637531894,0.8491679735631993,3.1427739178205556,69.29594554537347
10.989533340657964,0.49158265313590394,0.4383939706552803,3.7124053118592233,20.210434168472112
50.15352007431171,0.7513169157008741,0.566283739168508,5.0,65.75327383813293
58.02989063612118,0.7167116916282581,0.5540225345799682,4.66408043399578,72.67871599715826
30.012812846011755,0.7428664218825594,0.934848970807473,4.280927467766526,48.97853938799672
52.7229340701306,0.27646149933574277,0.7206880040121092,3.568985391465991,73.26245824542603
5.222207783375728,0.20977319521506282,0.9058453705152181,4.45391027043175,11.887603658601687
37.614746037003684,0.6631519683107001,0.7493677698272955,4.08878230131697,54.45090205936011
22.01772527992021,0.39348253189264554,0.8841430528642579,4.479183165710135,42.814777713930795
22.49437109951669,1.0916801343361895,0.7308050678113305,3.7552329492845473,46.50184423398059
27.57143631040965,0.6309125698816718,0.6699481223332353,4.0040203328800335,45.34492883760618
36.20980625429156,0.5519923321723095,0.7947862537465177,4.554045149543489,50.861673219747544
37.34479685458725,0.7440055325093322,0.5718693507316185,4.971125020541252,55.18816033641567
17.41808458138871,0.828601851718008,0.951242292039074,3.93662397238024,31.6788559052733
23.652811743212222,0.2819673627339308,0.9448820341992401,3.8001551878696183,38.10056706123018
15.72204909102926,0.9413381919183852,0.44363972444926836,4.609154421652994,34.09200014387682
38.3198775566094,0.3375788734710689,0.950072746106982,3.6960325907414724,50.76756307012873
7.020055169967021,0.5867326515256133,0.5091189873705885,3.724789450993444,25.13574911180957
25.990894453258804,0.5568676202408007,0.8087638165710488,4.3063742170183055,45.521592391026005
58.7307552548543,0.7691618540772052,0.8938626284390212,5.0,78.06380977231373
59.33792083404633,0.8894677106705484,0.5447431528736518,3.8604854462209626,87.20908590472885
31.559831951546027,1.0008184360028818,0.4675931921692265,4.052097630619307,50.92866171985421
15.600140576390675,0.72714553121848,0.8537072370228479,4.244521471966272,36.89460900922391
35.42625997339693,0.355391806803295,0.6654573070195655,4.010913195186004,50.92592633396156
29.819186352612178,0.8959537881350228,0.6920100690116915,3.4932661956907656,52.03771358144153
3.506715922848048,0.6787995150234356,0.8571166804478113,4.52078286940321,25.720581651884117
59.35658691250968,0.7889333247778458,0.552277593700818,4.274530013721215,78.45968831047443
20.302867790668802,0.6437074469911741,0.45829109642292226,4.346746178658745,30.50502001634551
24.557498598235355,0.6162939904535367,0.9746438344364737,4.143318455101109,46.508889225241724
31.30010060890074,0.9013588990787624,0.8197954880081574,4.805270097146858,48.84175209527733
52.94182691265857,0.7241085748692957,0.791280746955109,3.9981845097418818,71.3336628565083
48.14805619102014,1.0677975058776248,0.5997653178537887,3.7691798854354595,71.10868585595118
13.127458623593238,0.9434459728665487,0.9974236124278828,4.86548277035207,37.229643211491855
43.27033218401891,0.6763118230773897,0.5335264794249833,3.320552205955658,67.16739382759071
52.599317971279945,0.41420831992942825,0.5068593057869651,4.13848076183184,64.82361769708157
43.14157104815468,0.21757462131394617,0.5909703669476715,4.169796964072658,52.86275739843986
9.211875093025633,0.40539983560064125,0.8433727242242888,4.154179073579783,16.062874376774325
32.79501165427972,0.48126996187390875,0.5422062125597373,3.5795152731027122,45.9606250459744
50.4749181645327,0.31811320040476426,0.5876568830375196,3.7259820143009947,60.21410250437479
12.54140783943836,0.869091036501902,0.7177763712150904,4.58319614729813,32.93670477400373
32.77370035693831,0.5260777199165696,0.7899678901208965,4.754136078899296,46.600813483214694
40.50347881915197,0.23024558529840716,0.48952967576219847,4.033075933671822,47.40251408297943
38.48682889123919,0.6368774322040647,0.7927835252277927,3.827734512469297,58.16634001415292
7.289638276433403,0.9843138456173324,0.6286331088328224,3.4860835833192896,30.998548369677874
17.36989341746592,0.5397478525262671,0.6076931432849486,4.576227906401526,21.00172603417926
33.57583874039629,1.1023316718435405,0.44741081691583173,4.599858718402614,58.47253446498056
13.317028962625113,1.0527934035191744,0.9843767693696232,3.075683143579309,46.22544588699829
20.68901095358934,1.0893783582476333,0.8158723279643261,3.230435283072006,47.39321191360677
25.48950434916266,0.8677899038533121,0.4599287297360269,4.254727025690388,45.376909519804244
1.8038160768350786,1.0065953156184944,0.6197420852145903,4.3064724174552165,21.860604536445607
31.114953911211053,0.5889751068459039,0.4480407457961158,4.009068886613402,40.04735675199748
59.69063722753538,0.8932190306824361,0.7249192574610686,4.186820378574758,89.27116256814938
25.08780264822861,0.42390063097504943,0.8200878486603789,4.101104370141515,43.40822200037807
17.18360510619021,0.40471875613217595,0.433931272127779,4.210571247950603,32.912598964763404
15.92672781485336,1.1436150142309762,0.9533009793102318,3.839636207856846,42.03354036513736
31.39529144452692,0.7488170785186641,0.6244810865130279,4.195099373122423,54.07115735146653
27.904615852854867,0.2716775649790351,0.5408759359037493,3.930253244552362,34.257432488651254
51.8571239122781,0.39730102139317786,0.4779136115267611,3.8969156471456117,64.143580390059
38.71543976898879,0.6613394214627804,0.48737616333628975,3.4532429529531536,60.258724707348094
24.520476865212512,1.045892554606163,0.909877932689336,4.129783606228506,46.57064684200798
23.75906512883919,1.0959531759845536,0.6880298646114451,4.521189426716509,49.737304852312874
33.2842448496381,0.3134577333762795,0.8790693059903765,4.069766042555035,48.79696701002288
15.948715750193452,0.2620286018961438,0.5362468658552263,4.058606744478492,28.004190163809564
25.947890797057518,0.3216881859448963,0.5907716313120718,4.7022876534302736,33.248652296139106
17.81736643662023,0.8713951925878323,0.6475688616754015,4.60999296178209,38.03241109654908
31.41250596216235,0.7328295187202158,0.6727108767012412,4.893833088326771,54.98286334636059
33.24954006003548,0.9378911179359812,0.458607579023391,5.0,50.791414385097355
50.961746363942254,0.7933598476524573,0.4270015799757777,4.2237948721179945,70.49837527526505
15.819452336359921,0.29588529854445395,0.9975373674867064,3.7371329732413416,34.67873212145818
54.37877090488112,0.4576319635172385,0.7999257976400822,3.991544596225184,65.83703419896662
32.580832491434606,0.5315515258067554,0.43286176394526477,4.429200820474657,45.020081292626266
43.88317539209659,0.9076964407615751,0.8635390827811654,4.776042098246905,63.26745908221726
37.08862313080187,0.7968520172905837,0.6166683788778135,3.7804549200302415,48.829999182582995
49.91329297155114,1.1468235670118219,0.8778762490607577,4.3021112938234705,78.21245669299974
40.12524085705786,0.3455226816411638,0.9698812433715105,3.8828552906093283,52.43443904314406
1.6533383796138368,1.138626320287963,0.41594392619528586,4.141338289777458,26.72956282264112
24.026242120021468,0.4201504188800996,0.9785756464754781,4.135354638962071,37.25252648659557
56.36348936573719,0.5434670086372684,0.49945649390318464,4.352474471622408,78.40301484927593
27.63570317244251,0.23457924891088228,0.5783395405604611,5.0,34.35396213644942
49.87469374337976,0.4965273827285604,0.7761672081705819,4.3900353106013865,72.57876829816041
52.26862827501504,0.39970671720532663,0.8295571296054266,4.028066639151346,66.88234819267808
20.622099673288524,0.4172511608673473,0.5021388031878741,3.9620516253720486,33.89752741556887
51.605757833088006,0.7722038347324371,0.4820956886678064,4.123663044838725,75.62482304911849
23.268664742925292,0.9807872019326671,0.571927655838844,3.8513241873245914,41.85327424386674
2.496265311588455,0.9449573120141712,0.5953595902860992,4.255859537572138,23.197505374624175
41.97004139336049,1.0291477780826594,0.5909332652716573,3.235505847875024,69.34851973507047
49.39706762171549,0.9313359663734035,0.5027870861022598,4.115522484692058,71.16610796514162
27.64484341650382,1.1765055894652503,0.982484555776158,4.147196539740439,54.65021699053595
11.231152381210514,0.21847338251766785,0.8788432395835479,3.7357396602236563,24.989291566897347
37.30180214954065,1.1878960836656094,0.9880123913083901,4.047142883928519,68.06920385996833
44.55715142949576,0.6098286456048074,0.46219461595459943,4.647966206468697,58.7693796212297
39.63420018520267,0.6778041576399698,0.4453467421806798,4.676819741774641,57.73753065351853
21.991765767562157,0.7773500257328434,0.7215847300675584,3.9867446461198766,43.53973182592444
22.731434547538974,0.20852327017583877,0.7686807265831173,4.40939413406598,36.19946619463866
33.39674800888151,0.3817099831463257,0.7810942538592116,3.600599164118344,54.14050284971834
12.41022685031371,0.6459705888790224,0.45595423382394823,4.0815365388512514,27.11978938331758
50.92441072353987,0.9695173257391974,0.906277499869528,4.292322263395539,78.24426531988355
7.036823698775846,1.0700880905675214,0.6938281664548933,4.810771085152462,27.40989639058671
29.706431089920013,0.34773358024972617,0.6208833663432762,4.677121231920154,34.94831725647679
51.706902443108596,0.4629865572749579,0.7026628448585861,4.283571818565963,64.79806297543581
32.23566182495277,0.8073703862539567,0.42427608662357763,3.8353913040609626,48.194100769274705
45.8960177857961,0.5609830516837815,0.5290459431269049,4.743406283220956,60.352518660415996
15.13507483683372,0.49791312391588477,0.9990940174250588,4.063884715900451,31.732807817730773
27.285235746141506,0.5833208868713329,0.7315354825535844,4.379395676298667,43.756079959231755
43.07054689805641,0.9015957845078877,0.4471245454928047,4.150989001074941,66.35117191462555
53.41148350110115,0.39860008411311204,0.5757012384453604,4.996896853816095,69.4757502121918
38.93969177508439,0.2619060067017776,0.5108648421733883,3.955982491442364,51.507296479617914
15.32322379814117,0.20345689953567708,0.9548203403157608,4.566501611408782,31.215206744309448
9.631276074823031,0.7266699174835005,0.883726235060842,4.16543810051054,28.7031272347693
50.650849488514176,0.4500173706230854,0.7281421411888225,4.427641825293486,58.29870541548526
33.68811742890996,0.7616386396811954,0.9710690006334869,4.848004887190656,47.463234422627956
11.848451673787332,1.0809915193796051,0.6237216722605095,3.3981708919420694,36.67195090031961
29.654927403781976,0.49365795833251486,0.9189806201218962,4.173844204275905,49.57292483653715
8.453036296243974,0.3835704626339656,0.680525205426854,3.842374042625145,22.36690531739211
7.205127274337076,0.20157530715879585,0.9091791807825654,4.3782927537452005,23.81093103177322
55.278638546002824,1.1813529232906856,0.9404129604501709,4.4765322683967,88.05920008274116
33.13300315331869,0.7168267138614082,0.6777786829782133,4.01180916617313,48.31859667086341
15.685845091980228,1.0020944688477824,0.506800838412352,3.9911792954618783,45.793088876353096
52.99474056632043,1.0580994614040948,0.515424312900848,4.281522802477229,67.89179652848297
59.934170041940455,1.1952144831846805,0.5733177784926233,3.6907181895941976,93.15822103289997
53.16791922595999,1.0596329593839768,0.5337647405441057,4.333287099262949,74.4385322198651
45.10788699891538,0.4940587875693236,0.6329521867983966,3.8729160089824055,59.96879412669418
57.761947597628065,0.7643666106845481,0.7040086758583293,4.49345929209047,75.631956074778
12.64584661216145,1.1627355126803356,0.4522681676197424,3.6728476574353817,34.035176223405244
52.78392375180903,0.833378025044893,0.9457859312167125,3.9730926733921015,81.17211526464796
22.165628968613944,0.9690637649189371,0.4014591001872109,3.899545097362713,40.12631273550517
2.902036334501729,1.1066618591642623,0.4829742074893237,4.080736773609521,23.235497126138032
